x,y,content,Topic,Rating,Topic_Words
15.054168,3.9775147,Der erste Eindruck lÃ¤sst einem schon direkt den Atem stocken . Der Eingang ist klein und kann schon mal leicht Ã¼bersehen werden aber wenn man ihn dann findet und die Treppe heruntergeht kommt man in einer ganz anderen Welt an . Es sieht einfach magisch aus und jedes kleinste Detail wurde mir einer unglaublichen Vorsicht ausgewÃ¤hlt . Der Eindruck ist rundum stimmig und man fÃ¼hlt sich direkt wohl und wir auch vom Personal Ã¼beraus freundlich empfangen und zum Tisch gebracht . Wir haben das Special MenÃ¼ bestellt und einen SÃ¼ÃŸen Muskateller der perfekt zum MenÃ¼ gepasst hat. Jedes Gericht war ein Gedicht fÃ¼r sich und unglaublich lecker .  Leider habe ich nicht alle fotografiert  Die Cocktails und Desserts sind auch sehr zu empfehlen . Also ein voller Erfolg und immer wieder gerne . Kann ich nur jedem Empfehlen der gutes Essen zu schÃ¤tzen weiÃŸ.,0,5.0,0: restaurants|chinesische|restaurant
15.67443,0.99944425,"Sehr gutes asiatisches Restaurant, wo man in MenÃ¼s sich durch eine Vielzahl an leckeren Gerichten probieren kann. Zudem ist auch die Inneneinrichtung sehr auÃŸergewÃ¶hnlich und der Service ausgesprochen nett. FÃ¼r mehr Impressionen die Bilder betrachten. Preislich ist es nicht geschenkt, aber das Preis-Leistungs-VerhÃ¤ltnis ist auf jeden Fall noch ok. Unbedingt auch die Cocktails probieren.",0,5.0,0: restaurants|chinesische|restaurant
15.644545,2.8809018,"Sehr schÃ¶n eingerichtetes Restaurant! Service auch sehr aufmerksam und nett. Die Dim Sum sind doppelt so groÃŸ wie sonst, daher lasst euch nicht vom Preis tÃ¤uschen â€¦.so ein angebotenes MenÃ¼ ist wirklich reichlich und schmackhaft. Komme gerne wieder!
Update: nÃ¤chster Besuch mit noch mehr Bildern ğŸ˜Š",0,5.0,0: restaurants|chinesische|restaurant
15.230696,3.1458628,"Die AtmosphÃ¤re in dem Restaurant war sehr cool und die MenÃ¼s hatten viele unterschiedliche Gerichte. Wir hatten jeweils das Dim Sum Heaven und Ya Signature MenÃ¼, mit Kanton Ente und verschiedenen Dim Sums. Das Essen war einfach top! Der Geschmack war super bei jeden Gericht und die PrÃ¤sentation war mega.

Auch die Toiletten waren sehr sauber und schÃ¶n eingerichtet. Der einzige Nachteil beim Abendessen war das die Bedienung etwas langsam war, aber trotzdem immer freundlich!",0,5.0,0: restaurants|chinesische|restaurant
15.209907,3.742629,"Waren am Sonntag Abend das erste Mal im Ya und es wird nicht das letzte Mal gewesen sein. Das von auÃŸen eher unscheinbare Lokal erreicht man Ã¼ber eine Treppe. Das Lokal ist quasi im Keller, Ã¼berrascht durch seine GrÃ¶ÃŸe und die wirklich sehr aufwendige Einrichtung.
Wir haben uns fÃ¼r das Signature MenÃ¼ entschieden. Die ausgelÃ¶ste HÃ¤hnchenkeule und der Blattspinat waren in Ordnung. Die nÃ¤chsten GÃ¤nge mit Dumplings und Wan Tans Waren sehr gut. Die Peking Ente und der Seeteufel schmeckten hervorragend. Der Abstand zwischen den Gerichten war gut und vor den HauptgÃ¤ngen wurden wir gefragt, wann serviert werden soll. Die Bedienungen waren aufmerksam. Der Preis fÃ¼r dieses MenÃ¼ von 36 EUR pro Person ist akzeptabel. Bei den GetrÃ¤nken zahlt man die bekannten MÃ¼nchner Preise",0,5.0,0: restaurants|chinesische|restaurant
16.093393,1.4360528,"Freunde der chinesischen KÃ¼che aufgepasst, im YA Mandarin Room gibt es gleich eine ganze Reihe an kantonesischen SpezialitÃ¤ten ğŸ˜‹ Ihr kÃ¶nnt hier in tollem Ambiente frei von der Karte wÃ¤hlen oder euch ein MenÃ¼ aussuchen. FÃ¼r uns gab es gestern das Signature MenÃ¼ fÃ¼r 36 Euro p.P. was wir total fair finden ğŸ‘ Das Highlight war auf jeden Fall die Ente nach traditionellem RezeptğŸ˜
Das Essen war hervorragend, der Service super zuvorkommend und das Restaurant ist toll eingerichtet. Wir kommen bestimmt bald wieder ğŸ‘",0,5.0,0: restaurants|chinesische|restaurant
15.123158,2.8890302,"Sehr nettes und angenehmes Restaurant. Das Ambiente ist ruhig und stilvoll. Die Kellner sehr aufmerksam. Das Essen ist eine spannende Kombination aus Dim Sum mit dem klassischen Essen. Alles sehr frisch. Das GemÃ¼se bzw. Die Preise sind etwas gehoben, in Anbetracht der Tatsache das hier kein â€Fastfoodâ€œ serviert wird, alles in einem guten Rahmen. Wir waren eine groÃŸe Gruppe. Das Essen haben unstotal Ã¼bergezeugt.Ich komme sehr gerne wieder",0,5.0,0: restaurants|chinesische|restaurant
14.442819,3.3810675,"Erster Besuch. Coole Einrichtung, schÃ¶ne AtmosphÃ¤re. Sehr freundliches und aufmerksames Personal. Gut sortierte Weinkarte. Wir hatten einen Weissen Burgunder aus Appenheim von Hofmann. Sehr zu empfehlen und angenehmer Preis. Die SpezialitÃ¤ten sind die Ente und Dumplings. Sehr gut. Einziger Kritikpunkt- Das Essen kÃ¶nnte etwas wÃ¤rmer sein. Ansonsten uneingeschrÃ¤nkte Empfehlung.ğŸ‘",0,5.0,0: restaurants|chinesische|restaurant
15.452249,2.84456,"Ein wirkliches Erlebnis! Die Reise in eine andere Stadt beginnt quasi mit betreten des Restaurants. Das Ambiente ist sehr schÃ¶n und sehr edel. Die Mitarbeiter sind einheitlich gekleidet und man wird nach Asien entfÃ¼hrt. Die Musik ist perfekt abgestimmt und das gesamte Erlebnis allein ist einen Besuch wert. Das Essen ist  wirklich sehr gut gerade im MenÃ¼ mehrere GÃ¤nge wird man durch die vielen Teller gerade zu verwÃ¶hnt. Der Preis ist relativ hoch und fÃ¼r den DurchschnittsbÃ¼rger wahrscheinlich keine schnelle Mittagspause aber fÃ¼r einen besonderen Anlass oder ein romantisches Date zu 2  aufjedenfall perfekt!

Der Service gibt sich grÃ¶ÃŸte MÃ¼he und kleinste Fehler werden groÃŸzÃ¼gig wieder gut gemacht.

Das Essen ist auf einem sehr hohen Niveau zubereitet, was man vor allem bei der Ente merkt.

In ungerader Zahl  zu 3 oder zu 5 etc wird es schwer das MenÃ¼ zu nehmen oder aufzuteilen. Wobei man auch hier durch die ""normale"" Karte voll auf seine Kosten kommt.

Aufjedenfall empfehlenswert!",0,5.0,0: restaurants|chinesische|restaurant
14.989287,-0.010521943,"Leckeres chinesisches Essen, tolles Ambiente und freundlicher Service.
Frischer Wind im Bereich der chinesischen Restaurants in MÃ¼nchen, der uns sehr gut gefallen hat!",0,5.0,0: restaurants|chinesische|restaurant
15.343822,3.04125,"Das Restaurant ist etwas versteckt auf der LeopoldstraÃŸe, aber wenn man das Restaurant betritt wird man von der tollen Einrichtung und AtmosphÃ¤re Ã¼berrascht. Es ist sehr modern aber doch gemÃ¼tlich eingerichtet. Perfekt fÃ¼r ein romantisches Date oder fÃ¼r einen besonderen Anlass.

Wir waren dort zu Abend essen und haben das Signature MenÃ¼ bestellt. Vorab hatten wir den Pu-Erh Tee in Limettenschale bestellt und erhielten eine kleine Teezeremonie.

Uns hat besonders die Vielfalt des MenÃ¼s gefallen und alle Gerichte waren sehr frisch und geschmacklich top.

Preislich ist das Lokal etwas hÃ¶her angesetzt, aber es ist definitiv das Geld wert.

Wir werden das YA wieder besuchen und dann eines der vielen anderen MenÃ¼s ausprobieren.

â­ï¸abzug gibt es fÃ¼r den Service. Wir mussten teilweise etwas lange auf unser Dessert warten und der Service kÃ¶nnte etwas aufmerksamer sein. Ansonsten war es ein sehr schÃ¶ner Abend beim YA.",0,4.0,0: restaurants|chinesische|restaurant
15.990962,0.81202275,"Super! Ich war mit meiner Freundin in diesen Restaurant. Die AtmosphÃ¤re ist romantisch. NatÃ¼rlich, Essens sind wie in Guangzhou und  Hongkong. Reinsteig mit Rinderfleisch gefÃ¤llt mir sehr! NÃ¤chste mal werde ich gerne noch Xiajiao probieren!",0,5.0,0: restaurants|chinesische|restaurant
15.120843,3.4954665,"Elegant und lecker! Eine Reise der GeschmÃ¤ckerğŸ¥° Mein Mann und ich haben uns fÃ¼r ein MenÃ¼ entschieden und haben es nicht bereut! Bilder erzÃ¤hlen mehr wie 1000 Worte ğŸ˜‰ seht selbstğŸ˜‡ Wir werden auf jeden Fall nochmal hingehen, denn die Dumplings haben uns begeistert! Die Terrasse ist super schÃ¶n aber auch Innen schaut es mega gemÃ¼tlich aus. Noch ein Wort zum Personal: Ã¤ussert aufmerksam und sehr freundlich. Danke fÃ¼r den wunderschÃ¶nen Abend im Ya!ğŸ’–ğŸ‘",0,5.0,0: restaurants|chinesische|restaurant
16.13964,1.3178422,"Wir haben 3 verschiedene MenÃ¼s bestellt, es war eine tolle Reise durch die chinesische KÃ¼che, alles andere als Standart.
Tolle Einrichtung und authentisches Ambiente.
persÃ¶nliche Empfehlung: Seeteufel",0,5.0,0: restaurants|chinesische|restaurant
14.820886,1.5439423,"Tolle Ambiente und nicht schlechte Bedingung, drei Sterne fÃ¼r die zwei. FÃ¼r Essen selbst muss ich als eine Kantonesen sagen dass es kein kantonesisch Essen ist. Das Essen sieht und schmeckt nicht wie kantonesisch aus, aber trotzdem nicht schlecht. Ein Stern Abzug dafÃ¼r. Portion passt auch, nicht so klein wie beschrieben.",0,4.0,0: restaurants|chinesische|restaurant
14.928365,0.20739548,"Sehr leckere authentische chinesische KÃ¼che, Restaurant ist sehr schick eingerichtet und der Service ist super. Besonders lecker ist das Lamm & Wantan in Chilli Ã–l! :",0,5.0,0: restaurants|chinesische|restaurant
12.513965,2.8744688,"Tolles, elegantes Ambiente. Die groÃŸe Vorspeisenauswahl u.a. diverse Dumplings sowie die Ente sind hervorragend.
Die Riesengarnele und das Wagyu als Hauptspeise waren okay bzw. in Ordnung.
Der Service war stets aufmerksam und freundlich.",1,4.0,1: geschmack|food|gegessen
15.524599,3.5145354,"Tolles Essen, tolle Location an sich alles perfekt fÃ¼r ein modernes Restaurant mit Stil, wenn der Service nicht so schlecht wÃ¤re. Jedes dritte Gericht was wir bestellen wollten war ausverkauft ohne das man uns vorher darauf hingewiesen hat beim Ã¼bergeben der Speisekarten, drei bestellte Essen wurden nicht geliefert, erst nachdem wir eine 3/4h spÃ¤ter 2 mal nachgefragt haben, ob sie uns vergessen hÃ¤tten, kamen die Speisen, keine Entschuldigung aufs Haus oder irgendwas. Sehr schade bei einem sonst so schÃ¶nen Restaurant",0,3.0,0: restaurants|chinesische|restaurant
10.937869,1.7281158,Ambiente sehr schÃ¶n in einem Keller an der Lepoldstr gelegen. Essen ganz gut - Personal freundlich.,1,4.0,1: geschmack|food|gegessen
12.62106,2.8071346,Hervorragende Speisen zu entsprechenden Preisen. Perfekter Service und gemÃ¼tliche Location. Die diversen Speisen waren alle super lecker! Das Ya ist immer einen Besuch wert,1,5.0,1: geschmack|food|gegessen
14.800893,2.8443456,"Ein sehr schÃ¶nes Restaurant zu einem besonderen Anlass. Sehr gutes Essen und Teeauswahl. Der Service ist sehr freundlich, einige mÃ¼ssen noch etwas eingearbeitet werden, aber im GroÃŸen uns Ganzen hat sich der Besuch gelohnt.",0,5.0,0: restaurants|chinesische|restaurant
14.29231,2.9826775,"Sehr schÃ¶nes Restaurant mit tollem Ambiente und sehr aufmerksamen, freundlichen Mitarbeitern. Das Essen Signature MenÃ¼ war kÃ¶stlich und vielfÃ¤ltig. Ein rundum gelungener Abend! Danke dafÃ¼r und bis bald :",0,5.0,0: restaurants|chinesische|restaurant
11.385935,3.2766812,"Wirklich feines Essen und auch toller Service.
Leider stimmen Preis und Portion nicht ganz Ã¼berein.",1,3.0,1: geschmack|food|gegessen
11.65248,3.452662,"Das Essen war gut, der Service hat allerdings noch Luft nach oben. Die GetrÃ¤nke lieÃŸen leider lange auf sich warten.",1,4.0,1: geschmack|food|gegessen
14.975504,1.8890216,"Ambiente: Sehr schÃ¶n, edel und stilvoll eingerichtet. Man kann drauÃŸen und drinnen sitzen.

Essen: Genau die richtige Anzahl an Gerichten. QualitÃ¤t der Speisen sehr gut. Auch die PortionsgrÃ¶ÃŸen sind ausreichend.

Wir hatten das Wagyu Beef und die Garnelen + Tofu. Beides war sehr lecker. Vor allem die Dumplings schmecken so viel besser als bei anderen asiatischen Restaurants - hier schmeckt man, dass diese hausgemacht werden. Unbedingt die Dumplings probieren!
Einen kleinen Minuspunkt gibt es fÃ¼r die GetrÃ¤nke - Drinks kÃ¶nnten besser sein.

Service: Sehr freundlicher und zuvorkommender Service. Alles bestens. Man bestellt und bezahlt per Smartphone - schnell und effizient. Bei Fragen stehen die Kellner jederzeit zur VerfÃ¼gung.

KÃ¶nnen wir nur empfehlen!",0,5.0,0: restaurants|chinesische|restaurant
16.15135,1.3701881,"Absolut empfehlenswert. Wir hatten ein  MenÃ¼ fÃ¼r 2 Personen. Richtig gutes Essen, sehr sympathische Bedienung und ein sehr angenehmes Ambiente. Die Beratung zum Essen und Wein war goldrichtig und es war mit Abstand das leckerste chinesische Essen, das ich bisher hatte. Hier gibt es kein Standard eingedeutschtes chinesisches Essen. Fairerweise muss man sagen, dass die Preise entsprechend hÃ¶her sind. Hier stimmt aber der Satz: ""QualitÃ¤t hat ihren Preis."" FÃ¼r ein romantisches Abendessen, kann ich es sehr empfehlen ğŸ˜‰ Wir kommen auf jeden Fall wieder.",0,5.0,0: restaurants|chinesische|restaurant
15.573749,3.178105,"Sehr schÃ¶nes Restaurant mit sehr guter KÃ¼che. Leider kann der freundliche Service nicht ganz mit halten. GetrÃ¤nke wurden vergessen, und ein Gericht nicht eingegeben und damit nicht serviert. Auch wurden nicht mehr benÃ¶tigte GlÃ¤ser und Geschirr nicht abgerÃ¤umt. Auch war es schwierig die Aufmerksamkeit des Servicepersonals zu erlangen.",0,4.0,0: restaurants|chinesische|restaurant
14.91079,1.8331572,"Hervorragende KantonkÃ¼che in stilvollen Ambiente.

Das Ya begeistert direkt beim ersten Anblick - man geht die Treppen hinab, hÃ¶rt einen Brunnen und lÃ¤uft entlang eines kleinen Teichs zu seinem Tisch. Die Einrichtung ist stilvoll und modern aber unverkennbar kantonesisch.

Das Highlight fÃ¼r die meisten GÃ¤ste ist die am Tisch tranchierte Ente. Aber auch Vegetarier kommen hier voll auf ihre Kosten. KÃ¶stliche Dim Sum, Spinat, Tempura Tofu oder fritierte Aubergine sind sehr zu empfehlen.",0,5.0,0: restaurants|chinesische|restaurant
15.6985655,3.6588755,"Bei meinem ersten Besuch war das Essen und der Service sehr gut. Heute wurden wir leider etwas enttÃ¤uscht und gefÃ¼hlt lief einiges schief:
Bsp:
- Unsere zustÃ¤ndige Servicekraft hatte nicht wirklich einen Blick fÃ¼r unseren Tisch und wir haben nicht den Service erhalten wie man ihn von so einem Restaurant erwarten wÃ¼rde.
- Das Essen war zum grÃ¶ÃŸten Teil lecker, das Fleisch von einem teuren Fleischgericht war z.B. jedoch zÃ¤h
- der alkoholische Longdrink vom Nachbartisch landete bei mir als Schwangeren und ich dachte es wÃ¤re mein bestellter Eistee.
- Zum Ende hin wurden lieber freie Nachbartische gewischt und neu aufgedeckt bevor unser Tisch frei gemacht wurde, keine Frage ob wir noch Nachtisch oder Ã„hnliches wollen.
Insgesamt schade weil es eine Einladung fÃ¼r Freunde war.",0,2.0,0: restaurants|chinesische|restaurant
15.514643,3.5046928,"2 Sterne gibt es fÃ¼r das tolle Ambiente. Das Essen war schÃ¶n angerichtet aber geschmacklich hat es uns nicht umgehauen. Der Service war nett aber hat uns komplett falsch beraten, auch dass das Essen immer wieder zu unterschiedlichen Zeiten serviert wurde war der Preisklasse nicht ganz gerecht. Jeder hat sein Essen zu unterschiedlichen Zeiten bekommen, seltsam.

Leider hatten wir kein gemÃ¼tliches Abendessen, sondern eher hektisch und unkoordiniert. Wir hatten uns so auf den Abend gefreut.",0,2.0,0: restaurants|chinesische|restaurant
14.987254,3.4420636,"Waren gestern vor Ort!
Also ein absolutes wow Erlebnis! Das Design ist der Hammer - Kellner super aufmerksam!

Das Essen ist ein Traum - jedes Gericht war perfekt - super gewÃ¼rzt!
Wir hatten 7 Vorspeisen, 3 HauptgÃ¤nge die Kanton Ente ist der Wahnsinn und 2 Desserts. GetrÃ¤nke waren es 2 Flaschen Wasser, Tee und 2 Bier â€” das alles fÃ¼r 150â‚¬, Preisleistung auf den Punkt!

In diesem Restaurant merkt man, dass sich die EigentÃ¼mer/Besitzer richtige Gedanken gemacht haben - das Konzept trifft voll ins Schwarze!

Wir kÃ¶nnen es nur jedem empfehlen und es war sicherlich nicht unser letzter Besuch!

Macht weiter so!",0,5.0,0: restaurants|chinesische|restaurant
15.267098,3.5782375,"Eine superschÃ¶ne Location, sowohl auf der kleinen Terrasse drauÃŸen sehr friedliche Stimmung  als auch drinnen.
Wir waren am Sonntag Mittag zum Dim Sun Brunch da. Die Auswahl ist nicht riesig, aber alles war sehr lecker. Am besten hat mit der eingelegte Rettich geschmeckt.
Der Service war auch sehr gut: Bei unserem Nachtisch war wohl etwas schief gelaufen, und wir mussten ziemlich lange darauf warten. Am Ende bekamen wir nicht den bestellten Nachtisch, sondern einen anderen, aber mit einer netten Entschuldigung und umsonst, so dass es uns nicht gestÃ¶rt hat.",0,5.0,0: restaurants|chinesische|restaurant
15.313631,4.0424247,"2 Sterne fÃ¼r das wirklich wunderschÃ¶ne Ambiente und die freundliche Bedienung. Note fÃ¼r das Essen: befriedigend/ausreichend
Wir hatten zu zweit das MenÃ¼. Nach circa 3 Minuten stand der erste Gang auch schon auf dem Tisch  die GetrÃ¤nke lieÃŸen weiterhin auf sich warten. Wir hatten noch nicht einmal aufgegessen schon stand der nÃ¤chste Gang auf dem Tisch. Insgesamt waren die Portionen sehr klein und der WOW Effekt blieb definitiv aus. Die Konsistenz der Vorspeise gewÃ¶hnungsbedÃ¼rftig, die Dim sum zu scharf, die Ente zu fettig. Und dafÃ¼r 90,00 EUR inkl. 2 GetrÃ¤nken. Leider keine keine Empfehlung. Die sehr positiven Bewertungen sind nicht nachvollziehbar und wurden leider nicht erfÃ¼llt...!",0,2.0,0: restaurants|chinesische|restaurant
16.117773,1.5469226,"Bisschen hektischer Service weil soviel los war. Das bestellte Essen,Freunde hatten MenÃ¼ gewÃ¤hlt, kommt nach zufÃ¤lliger Reihenfolge je nach dem was fertig wird. Sehr schÃ¶nes Ambiente und der hektische Service war wiederum charmant! Die Teller mit der Peking-Ente sollten vorgewÃ¤rmt werden und die Ente wurde nicht am Tisch pariert wie in der Karte beschrieben. Wenn sich die Crew in den nÃ¤chsten Wochen einspielt wird's ein sehr nices chinesisches/ kantonesisches Restaurant!",0,4.0,0: restaurants|chinesische|restaurant
15.690615,3.0659714,"Essen gut und lecker. Allerdings sehr unflexibel, MenÃ¼ nur fÃ¼r 2 Personen oder 4 mÃ¶glich als Familie fÃ¼r 3 unmÃ¶glich und keine Alternativey das gleiche Gericht zweimal bestellt und sehr unterschiedlich Varianten bekommen. Desserts ok, aber mit Potential. Lange Wartezeiten und Service routiniert.",0,3.0,0: restaurants|chinesische|restaurant
13.374371,2.0679884,"Tolles Ambiente, solides Dim Sum und schneller Service. Leider bekommt man fÃ¼r den vergleichsweise hohen Preis nicht ganz die gleiche QualitÃ¤t wie in SÃ¼dchina. Dennoch sind ein paar spannende Kreationen dabei, die man definitiv probiert haben sollte. Unbedingt den Milchtee dazu bestellen!",0,4.0,0: restaurants|chinesische|restaurant
14.933374,3.4051104,"Topp Peking Enten Menue, in liebevoller und auslaufsicherer Geschenk-Verpackung pÃ¼nktlich ins Haus geliefert. Preis/LeistungsverhÃ¤ltnis sehr gut, QualitÃ¤t der Zutaten und ihrer Zubereitung ausgezeichnet. Eine wunderbare Ãœberraschung! Den Rest erzÃ¤hlen die Bilder.....",0,5.0,0: restaurants|chinesische|restaurant
12.430509,2.9235857,"Sehr zuvorkommender Service und tolles Ambiente! Das Essen war hervorragend!!!Unbedingt ein MenÃ¼ bestellen, damit man von der VielfÃ¤ltigkeit alles probieren kann! Wir kommen sehr gern wieder!",1,5.0,1: geschmack|food|gegessen
15.639866,3.4971046,"SchÃ¶nes Restaurant, aber fÃ¼r Vegetarier nichts besonderes.
Ambiente: 5/5 super schÃ¶n, verwinkelt, stilvoll
Service: 5/5 nette Bedienungen, sehr aufmerksam
Essen: 3/5 wir hatten das vegi love Menu. Es war okay, aber wirklich nichts besonderes was man eigentlich bei dem Preis/â€fine diningâ€œ erwarten wÃ¼rde.
Timing: 2/5 es gab insgesamt 6 Gerichte, 2 kamen zuerst, dann kurz darauf 3 auf einmal, dann nach 30 Minuten noch ein letztes wir hatten gar nicht mehr damit gerechnet
Insgesamt war es ein schÃ¶ner Abend, aber nichts besonderes.. vielleicht bei Fleisch Gerichten etwas besser aber veggie war sehr durchschnittlich",0,3.0,0: restaurants|chinesische|restaurant
15.828249,1.7680205,"Leider hatten wir eine sehr enttÃ¤uschende Erfahrung.

Die 2 Sterne fÃ¼r die Kanton Ente und das Ambiente.

Leider war der Service nicht besonders freundlich und es hat sehr lange gedauert.

Das Essen war aber die grÃ¶ÃŸte EnttÃ¤uschung: es kam kalt an, es hat an Geschmack/Salz gefehlt, es war extrem fettig insb die Baos - es lief Ã–l runter als man gedrÃ¼ckt hatâ€¦ wir konnten es nicht fertig essen

Sehr schade, hatte mich total drauf gefreut, insb weil der Standard ohnehin fÃ¼r Chinesisches Essen in MÃ¼nchen recht niedrig istâ€¦ wÃ¼rde nicht nochmal kommen.",0,2.0,0: restaurants|chinesische|restaurant
15.6050005,2.478659,"Mein Kumpel so, beste Ente MÃ¼nchens. Ich war voll skeptisch, weil ich Asia-Mann

Fazit: beste Ente die ich je gegessen hab.

Update:
NÃ¤chstes mal bitte auf Google angeben dass ihr geschlossen habt und nicht einfach Zettel vor die TÃ¼r kleben

Update Update:
Hab da nochmal Nudel mit Ente probiert. War Ã¼bersalzen. Danach nochmal DuckBowl mit Reis und diesmal war die Ente nicht so lecker. Eher normal.",0,3.0,0: restaurants|chinesische|restaurant
15.377827,3.3529103,Sehr schÃ¶ne Restaurant ! Wir haben alle Gericht ausprobieren leider ist nicht etwas fÃ¼r uns ! MÃ¼ssen danach noch mal wo anderes essen gehen.  Trotzdem wÃ¼nsche ich viel erfolgt !,0,2.0,0: restaurants|chinesische|restaurant
14.89982,3.3492575,"Wir haben zu Silvester das MenÃ¼ mit Pekingente und kleiner Vor- und Nachspeise bestellt. Alles kam pÃ¼nktlich und war sehr liebevoll verpackt. Die Edamame und Dumplings waren toll gewÃ¼rzt, die Ente war perfekt gegart. Leckere SoÃŸen und genÃ¼gend Pancakes gab es auch, so dass wir unser Festessen sehr genossen haben. Nach Corona kommen wir bestimmt auch mal zum Essen ins Restaurant!",0,5.0,0: restaurants|chinesische|restaurant
15.85702,1.7496463,"SchÃ¶nes, edles und geschmackvolles Lokal mitten in Schwabing, im UG, sehr freundlicher und hilfsbereiter Service, super zusammengestellte MenÃ¼s und eine groÃŸe a la carte Auswahl. Das Essen war ansprechend angerichtet und sehr gut. Mein Lieblingsgericht ist hier Kanton Duck. Eine sehr empfehlenswerte Adresse fÃ¼r gehobenere AnsprÃ¼che an chinesischem Essen.",0,5.0,0: restaurants|chinesische|restaurant
13.201544,2.7865067,"Super coole location und guter Service.
Lunch kostest etwa 12Euro + GetrÃ¤nk. Essen war etwas trocken und hÃ¤tte besser sein kÃ¶nnen bei dem Anspruch.",0,4.0,0: restaurants|chinesische|restaurant
15.17001,-0.77650964,"Wirklich authentisches chinesisches Essen, hat mir sehr gut geschmeckt !",0,5.0,0: restaurants|chinesische|restaurant
15.72071,3.8955986,"Wir hatten fÃ¼r Samstag, 11.12.21 persÃ¶nlich einen Tisch reserviert 14 Tage zuvor als wir Vorort waren!, diese Reservierung wurde offensichtlich nicht aufgenommen, so dass der Tisch nicht verfÃ¼gbar war! Als wir zur BestÃ¤tigung am 11.12. anriefen, wurden wir unverschÃ¤mt behandelt, wahrscheinlich von einem der EigentÃ¼mer,  und nicht mit unserem Ansprechpartner Leo verbunden, sondern es wurde einfach aufgelegt. Das geschau insgesamt 4 x! Scheinbar bekommt dem Restaurant der Erfolg nicht, so ein arrogantes, unverschÃ¤mtes Verhalten haben wir noch nie erlebt! Disgusting!",0,1.0,0: restaurants|chinesische|restaurant
11.936888,1.8325763,"Sehr schÃ¶ne Erfahrung. Feine Gerichte mit authentischem Geschmack, Genauso wie wir es uns aus Asien gewohnt sind.",1,4.0,1: geschmack|food|gegessen
15.602652,0.26802552,Service und Essen auf sehr hohem Niveau. Wir hatten einen Kenner dabei der sich mit Chinese Food auskannte... Er meinte sehr am ,0,5.0,0: restaurants|chinesische|restaurant
15.599457,1.7706094,"Super leckeres und authentisches Restaurant!

Die Kanton Duck ist sehr zu empfehlen - schmeckt wie in China...und wird mit Pancakes, Gurke, FrÃ¼hlingszwiebel und der traditionellen Sauce serviert. Definitiv die beste Beijing Duck bzw. Kanton Duck bei Ya die wir in Deutschland bislang probiert haben.

Auch die Dumplings sind super lecker - wir hatten uns durch eine Vielzahl probiert.

Deko und Ambiente im Restaurant sind sehr schÃ¶n. Perfekt fÃ¼r einen Abend in kleiner Runde oder auch fÃ¼r ein Team Dinner.

Service war sehr nett und aufmerksam.

Wir kommen definitiv zurÃ¼ck!",0,5.0,0: restaurants|chinesische|restaurant
14.09342,-0.11908446,Das Essen dort ist einfach bombastisch. Traditionell Kantoneisch mit einem Hauch von Fusion.,0,5.0,0: restaurants|chinesische|restaurant
12.952804,2.0982902,"Ja, gut, qualitativ wirklich ok, ein bisschen zu voll und ein bisschen Kuddelmuddel.
Ambiente zumindest da, wo wir saÃŸen sehr kellerig...",1,4.0,1: geschmack|food|gegessen
15.6318035,4.021101,"Ich war zwei Mal schon hier und fand die Speisen an sich lecker. Die Preise sind hoch und fÃ¼r manche Gerichte etwas Ã¼berteuert z.B. Wan Tan fÃ¼r 9 Euro. Das Personal ist freundlich, auch wenn manche beim ersten Besuch etwas verwirrt schienen.

Beim ersten Besuch hatten wir Drinks und verschiedene Sachen bestellt. Beim Kokos-Panna Cotta wurde leider die SoÃŸe vergessen. Da es unser erster Besuch war, wussten wir nicht, dass etwas fehlte. Am Geschmack hat man es jedoch gemerkt.
Habe nun auf Fotos von anderen GÃ¤sten gesehen, dass sehr wohl SoÃŸe auf das Dessert kommt.

Beim zweiten Besuch wurde uns das falsche Gericht gebracht. Da wir ziemlich viel bestellt haben, ist uns dies leider erst zu spÃ¤t aufgefallen. Es wurden KnÃ¶del-Dumplings anstatt Shanghai soup dumplings gebracht. Bei Nachfrage meinte die Kellnerin dennoch es seien die Shanghai dumplings, was aber nicht sein kann, da sie komplett anders aussahen und keine BrÃ¼he enthalten war.

Der Innenraum ist auÃŸerdem nicht klimatisiert. Dementsprechend ist es sehr warm drinnen.

Alles in allem, ein schÃ¶n dekoriertes Lokal das klassische chinesische Speisen zu hohen Preisen anbietet.",0,3.0,0: restaurants|chinesische|restaurant
12.749376,2.3862324,"Ambiente: fÃ¼r MÃ¼nchen auÃŸergewÃ¶hnlich! Sehr gut. Service: 4/10; dafÃ¼r eigenlich die meisten AbzÃ¼ge. Essen: preiswert, nicht schlecht, aber haut einen auch nicht von der Eckbank; 7/10; Champagner: 10/10 would recommend.",1,3.0,1: geschmack|food|gegessen
15.567561,3.47711,"Haben hier vergangenen Freitag mehrere Gerichte bestellt und geliefert bekommen. Der Kontakt war freundlich, das Essen kam schnell und war sehr gut. Eigentlich wÃ¤ren es 4 von 5 Sternen, allerdings mÃ¶chte ich die Kundenorientierung nochmal hervorheben dafÃ¼r gabs den Extrapunkt. Zwei Gerichte waren etwas verbrannt, nachdem ich darauf hingewiesen haben, hat das Restaurant groÃŸartig reagiert! Wir freuen uns schon auf das nÃ¤chste Mal!",0,5.0,0: restaurants|chinesische|restaurant
15.804987,0.45482314,"Wirklich gutes kantonesische/Chinesisches Restaurant. Tolle Auswahl an verschiedenen Dim Sum und auch viele weitere Gerichte. Die Kanton Ente ist wirklich gut und die Portion wirklich reichlich.
Am besten Reservieren, am Abend ist das Restaurant oft voll.",0,5.0,0: restaurants|chinesische|restaurant
15.667517,3.0345697,Location sehr gut. Essen gut. Service sehr freundlich aber nicht perfekt. Signature Menu lecker aber irgendwie passt das Wagyu nicht hinter die Ente. Beides SÃ¼ÃŸ und fettig. Da wÃ¤re ein nicht frittiertes Fleisch passender gewesen.  Ãœberhaupt. Warum muss man so teures Fleisch frittieren und in SoÃŸe ertrÃ¤nken? Macht keinen Sinn. Preis Leistung ok. Aber eben keine 5 Sterne.,0,4.0,0: restaurants|chinesische|restaurant
14.593227,2.892244,"Die Peking-Ente war wirklich gut, die Garnelen sÃ¼ÃŸsauer sogar fast noch besser. Feine Geschmacksnuancen und schÃ¶n angerichtet. Sehr freundlicher Lieferservice, wir werden sicherlich auch mal vor Ort im Restaurant essen.",0,5.0,0: restaurants|chinesische|restaurant
11.230583,1.8657926,"Ein absolut gelungener Abend  in einem absolut herausragenden Ambiente.
Schmackhafte, authentische Gerichte, die Lust auf mehr machen.
Gerne wieder !",1,5.0,1: geschmack|food|gegessen
12.458156,2.9163043,"Wirklich toll- insgesamt sehr stimmig. Ambiente und AtmosphÃ¤re harmonisch, Essen ausgezeichnet, Betreuung durch das Personal sehr zuvorkommend. Es war ein wunderschÃ¶ner Abend. Vielen Dank dafÃ¼r. Wir kommen sehr gerne wieder!",1,5.0,1: geschmack|food|gegessen
15.232949,1.520691,"Sehr guter chinesische KÃ¼che
Wann Tan
und
Kanton Duck
Und
Kokos BÃ¤llchen mit Sesam

Doch so gut die KÃ¼che auch ist
Die RÃ¤ume sind fein mÃ¶bliert
Und mit der Beleuchtung gut inszeniert

Aber unfassbar  Brutale ! LAUT

Also um 18.00 hingehen und schnell essen :-",0,5.0,0: restaurants|chinesische|restaurant
11.785758,2.0120249,"Sehr lecker, sehr schÃ¶ne Ambiente und freundliche Personal, authentische Peking Ente und leckere Dim Sums, wÃ¼rde immer gerne kommen.",1,5.0,1: geschmack|food|gegessen
15.382119,-0.61910504,"Bestes chinesisches Essen meines Lebens, definitiv den Preis wert! Tolle Karte, authentisches Ambiente und super Service! Komme gerne wieder!",0,5.0,0: restaurants|chinesische|restaurant
13.769831,1.3704026,Leckeres chin. Essen. Die Pekingente war besonders gut. Das Fleisch war super zart.,1,5.0,1: geschmack|food|gegessen
12.539044,2.8308184,"Noch nie in MÃ¼nchen habe ich so gut gegessen, das Essen ist sehr originell,  AtmosphÃ¤re ist sehr schÃ¶n.
Ein tolles, lebendiges Serviceteam, besonders ist die Dame Hong, sie ist sehr herzlich und freundlich!!! Wir kommen wieder!!!",0,5.0,0: restaurants|chinesische|restaurant
7.476757,2.5109997,Sehr lecker,2,5.0,2: schmecken|schmeckt|geschmack
15.416383,-0.1287398,"Aktuell das beste chinesische Restaurant in MÃ¼nchen. Der einzige Kritikpunkt ist, dass es keine einfache Online Reservierung gibt, man muss via E-Mail oder Telefon reservieren.",0,5.0,0: restaurants|chinesische|restaurant
11.5538225,1.3505596,"Sehr schon und gemÃ¼tliche Ambiente! Essen sehr gut, aber sehr hochpreisig!",1,4.0,1: geschmack|food|gegessen
14.787994,0.16668077,"Sehr gutes Essen und guter Service. Das Ambiente ist ebenfalls vorzÃ¼glich, insbesondere im Inneren des Restaurants, welches vor wenigen Monaten renoviert wurde und an ein authentisches chinesisches Lokal erinnert.",0,5.0,0: restaurants|chinesische|restaurant
6.350261,1.9746608,Sehr gut,2,5.0,2: schmecken|schmeckt|geschmack
15.331512,3.7648234,"Mittags beim Takeaway-Stand einmal Nudeln mit Ente und einmal Reis mit Ente geholt. Sehr lange Wartezeit. Wirkt noch unabgestimmt und chaotisch. Die Nudeln waren leider ohne Ente erst daheim bemerkt, der Reis kam mit Ente, bzw. dem, was davon Ã¼brig war: 90% nur Knochen. Einziger Grund fÃ¼r den zweiten Stern ist, dass die Saucen bei beiden Gerichten annehmbar waren.",0,2.0,0: restaurants|chinesische|restaurant
14.247845,1.6150675,"Sehr gutes traditionelles Essen, hatten Dim Sum sowie Rindfleisch mit leckeren Saucen. Tolle AtmosphÃ¤re und chicke Einrichtung. Ganz besonders zu erwÃ¤hnen war die Tee Zeremonie vom Chef.",0,5.0,0: restaurants|chinesische|restaurant
12.455843,1.9595257,"Das Essen war lecker. Die Frau Hong ist wirklich sehr nett, serviert eifrig und gut organisiert. Gerne zu empfehlen und immer wieder.",1,5.0,1: geschmack|food|gegessen
10.244717,2.1762996,"Essen, AtmosphÃ¤re und Service waren schlichtweg perfekt!",1,5.0,1: geschmack|food|gegessen
10.594595,1.6196338,"Ausgezeichnetes Essen, stylisches Ambiente und freundliches, geschultes Personal!",1,5.0,1: geschmack|food|gegessen
12.254755,2.7608824,"Wir waren restlos begeistert. Tolles Ambiente, freundliches Personal, leckeres Essen und faire Preise. Wir kommen gern wieder",1,5.0,1: geschmack|food|gegessen
10.035142,2.8370528,Super Service! Schmeckt sehr gut,1,5.0,1: geschmack|food|gegessen
15.156608,-0.927829,"Oh YA - das war gut! Wer nach authentische, gehobene chinesische KÃ¼che sucht wird hier fÃ¼ndig.",0,5.0,0: restaurants|chinesische|restaurant
15.077025,-0.0064883125,Hervorragend chinesisches Restaurant mit schÃ¶ner Ambient. Die Speisen sind hevorragend und authentisch. Meine zwei chinesischen Freunde waren ebenfalls von Essen begeistert.,0,5.0,0: restaurants|chinesische|restaurant
6.164001,2.0590017,:alles gut,2,5.0,2: schmecken|schmeckt|geschmack
10.466891,2.7694871,"Leckeres Essen, nette Service bin damit sehr zufrieden! Sehr empfehlenswert.",1,5.0,1: geschmack|food|gegessen
12.1842985,2.4475102,"War bereits mehrfach hier, das Essen ist sehr lecker, insbesondere die Dim Sum. Der Service ist sehr zuvorkommend.",1,5.0,1: geschmack|food|gegessen
11.2057705,3.1941142,Sehr sehr gut. Service ist noch nicht ganz eingeespielt aber lokal ist traumhaft schÃ¶n und super leckere Gerichte.,1,5.0,1: geschmack|food|gegessen
13.998913,2.2618618,"freundlich, pÃ¼nktlich und sooo lecker!
Dumplings und Rindfleisch waren perfekt, auch unsere Kids haben die geliebt. Die Ente war ein Traum!",0,5.0,0: restaurants|chinesische|restaurant
11.792097,1.4823818,Die Dekoration ist top. Essen ist lecker und nicht so scharf. Peking-Ente will ich empfehlen,1,5.0,1: geschmack|food|gegessen
14.11416,3.0274668,Wir haben gestern das Signature MenÃ¼ gegessen. Es war Hammer! Dazu das super schÃ¶ne Ambiente..,1,5.0,1: geschmack|food|gegessen
7.641104,2.2026308,"Sehr lecker, gute Stimmung.",2,5.0,2: schmecken|schmeckt|geschmack
14.718605,0.50233823,"Weltklasse essen!!!
Schnell und heiss geliefert, traditionell zubereitet und super lecker.

Mein neues Lieblingsrestaurant...",1,5.0,1: geschmack|food|gegessen
10.482905,2.23434,sehr hochwertige KÃ¼che tolle Location - Gerne wieder :,1,5.0,1: geschmack|food|gegessen
12.053171,1.5300341,tea ist ja gut hier und wenn man kein Appetit habe kann zuerst was trinken 5/5,1,5.0,1: geschmack|food|gegessen
10.347309,1.2825531,SchÃ¶ne AtmosphÃ¤re und leckere Dim Sums. Gute Auswahl fÃ¼r ein Date;,1,4.0,1: geschmack|food|gegessen
10.175136,2.1512969,Schmeckte mir sehr! Ich wÃ¼rde gerne nochmal dorthin gehen.,1,5.0,1: geschmack|food|gegessen
10.284113,1.3508096,gut essen und kochen!! und schÃ¶nen AtmosphÃ¤r,1,5.0,1: geschmack|food|gegessen
14.777377,0.42265496,AuÃŸergewÃ¶hnlich gut!! Sehr zu empfehlen. Freue mich schon darauf nach dem Lockdown in das Restaurant zu kommen.,0,5.0,0: restaurants|chinesische|restaurant
6.0899615,1.9937235,Ganz gut,2,5.0,2: schmecken|schmeckt|geschmack
10.620544,2.4167345,Sehr lecker und sehr aufmerksamer Service in einer tollen Location!,1,5.0,1: geschmack|food|gegessen
14.025824,-0.4870812,Fantastisches und authentisches kantonesisches Essen! Immer gerne wieder!,1,5.0,1: geschmack|food|gegessen
11.259642,1.2903032,die AtmosphÃ¤re ist super! Schmeckt sehr gut!,1,5.0,1: geschmack|food|gegessen
7.609875,2.2182655,"Was ein Erlebnis, vielen Dank!",2,5.0,2: schmecken|schmeckt|geschmack
11.312377,1.1788821,Ente ist sehr lecker. Ambiente ist auch sehr schÃ¶n,1,5.0,1: geschmack|food|gegessen
9.693448,2.1105204,Besser geht nicht mehr...4x gewesen und jedesmal war alles top.,1,5.0,1: geschmack|food|gegessen
9.355204,2.1311507,Das Essen war ausgezeichnet. Gerne wieder :,1,5.0,1: geschmack|food|gegessen
7.5029483,1.7653908,Dim Sum wie in Hongkong!!,2,5.0,2: schmecken|schmeckt|geschmack
15.052164,-0.49196112,Beste chinesische Restaurant in Deutschland! Fine und authentisch!,0,5.0,0: restaurants|chinesische|restaurant
7.652499,2.0155647,Tolle Ente zu fairen Preisen!,2,5.0,2: schmecken|schmeckt|geschmack
10.308667,2.0917704,"Ausgezeichnetes Essen, aufmerksamer Service und tolle AtmosphÃ¤re.",1,5.0,1: geschmack|food|gegessen
7.8187466,2.3949924,"Ziemlich stylischer Laden & yep, gschmeckt hat's!",2,5.0,2: schmecken|schmeckt|geschmack
7.9721437,2.068163,Sehr lecker. Entspannende AtmosphÃ¤re.,2,5.0,2: schmecken|schmeckt|geschmack
10.443348,2.8137107,Essen ist sehr Lecker und Nette Service,1,5.0,1: geschmack|food|gegessen
10.569354,2.2255032,"Essen hervorragend, Service sehr freundlich, Ambiente top",1,5.0,1: geschmack|food|gegessen
9.808582,2.8177695,QualitÃ¤t gut - Service mies,2,4.0,2: schmecken|schmeckt|geschmack
9.926992,2.586747,Essen wirklich amazing - service Katastrophe,1,3.0,1: geschmack|food|gegessen
6.268242,2.4843504,Mein Lieblingsrestaurant!!!!,2,5.0,2: schmecken|schmeckt|geschmack
7.7886906,2.135125,Sehr gute Orte fÃ¼r ein ruhiges Abendessen,2,5.0,2: schmecken|schmeckt|geschmack
8.101867,1.9712225,Sehr gutes Essen.,2,5.0,2: schmecken|schmeckt|geschmack
9.56829,2.0247593,Das beste Essen was ich je gegessen habe.,1,5.0,1: geschmack|food|gegessen
7.9826508,2.1654475,Die Entenkarkassen zum Fernsehen sind ein Traum.,2,5.0,2: schmecken|schmeckt|geschmack
6.426487,1.9466304,Sehr sehr gutï¼,2,5.0,2: schmecken|schmeckt|geschmack
7.412922,2.5280716,Sehr lecker,2,5.0,2: schmecken|schmeckt|geschmack
10.8156805,1.0707536,Das Ambiente ist der Wahnsinn!!!,1,5.0,1: geschmack|food|gegessen
6.1281047,2.1492352,Sehr schÃ¶n,2,4.0,2: schmecken|schmeckt|geschmack
10.822239,1.7511935,"Ein Erlebnis das Essen dort. Tolle AtmosphÃ¤re, einfallsreiche KÃ¼che, sehr freundliches Personal",1,5.0,1: geschmack|food|gegessen
16.049105,1.9403636,"Toller Laden!! Leider habe ich meine Reservierung falsch getÃ¤tigt und fÃ¼r 7 Personen an einem Freitag auch sehr schwierig... Aber der ya Mandarin Room hat es fÃ¼r uns trotzdem mÃ¶glich gemacht! Sehr leckerer Aperitiv und warten hat sich wirklich gelohnt!Sehr leckeres Essen und super aufmerksamer Service, immer wieder geen! Danke Euch â¤ï¸",0,5.0,0: restaurants|chinesische|restaurant
15.802673,0.8661757," Das Essen war fein zubereitet. Bitte beachten Sie, dass es sich um ein chinesisches Gourmet-Erlebnis handelt, also rechnen Sie damit, dass Sie etwas mehr fÃ¼r das bezahlen, was es kostet. Das Restaurant hat ein sehr schÃ¶nes Ambiente und einige schÃ¶ne Weinoptionen.

Mitarbeiter sind nett. Sie erlauben auch Hunde ğŸ©.

",0,4.0,0: restaurants|chinesische|restaurant
15.105518,1.2044849," Die Speisen sind fein gekocht. Im Vergleich zur traditionellen chinesischen KÃ¼che ist der Geschmack der Gerichte innovativ und fÃ¼r die Lokalisierung neu gestaltet. Aber als gebÃ¼rtiger Chinese finde ich das Essen trotzdem sehr lecker, besonders die gebratene Ente und die sÃ¼ÃŸ-sauren Garnelen.

",0,5.0,0: restaurants|chinesische|restaurant
15.448218,2.94022,"We ordered their signature menu they seem to change the menu seasonally. The Kanton Duck was brilliant, with crispy skin and juicy meat. However, we didn't like every dish on the menu.

The food here is delicately made, the environment and atmosphere is also great. But the price is a bit high as expected.",0,4.0,0: restaurants|chinesische|restaurant
15.413507,3.7882712," Exzellentes Essen und toller Service.
Wir gingen zu Ya fÃ¼r eine Verabredungsnacht. Der Service war sehr aufmerksam und gut informiert Ã¼ber die Speisekarte und mÃ¶gliche Weinpaarungen. Wir begannen mit einem Signature-Drink, wÃ¤hlten das wÃ¼rzige Surf and Turf-DegustationsmenÃ¼ gefragt nach einem zusÃ¤tzlichen Kick, den wir bekamen und beendeten das Abendessen mit dem GrÃ¼ntee-Tiramisu.

Die Musik kÃ¶nnte stumm geschaltet werden. Die anderen GÃ¤ste schienen hauptsÃ¤chlich Berater zu sein.

",0,5.0,0: restaurants|chinesische|restaurant
15.336333,1.4041191," Das ganze Set Entenbraten ist sehr gut! Die Entensuppe ist lecker und nicht langweilig, und das Entenregal ist knusprig und lecker! Ich habe Ã¼brigens einen Geleetopf bestellt, der auch sehr gut ist. Die reichhaltige Sauce wird gepaart mit Krabbenpilzen und HÃ¤hnchenschenkeln ohne Knochen. Der Geschmack ist reichhaltig, Knoblauchpartikel und die QualitÃ¤t des Reis ist auch sehr gut! Ãœber die Umgebung, die Dekoration der drei besten China-Restaurants in Europa gibt es absolut nichts zu sagen! ! ! Der Service ist wirklich gut, aber der Service wird Sie nicht gleichgÃ¼ltig lassen. Es reagiert schnell. Dieses Restaurant ist den Preis des Gerichts wert. Wenn die Gerichte mit Sorgfalt poliert werden und die Vielfalt der Gerichte erhÃ¶ht werden kann, kann man Mizhi nennen? gleich um die Ecke.

",0,5.0,0: restaurants|chinesische|restaurant
15.65924,0.28886226," AuÃŸergewÃ¶hnlich! Das hat nichts mit den chinesischen Fast Food gebratenen Nudeln zu tun, die die meisten Leute kennen. Bei Ya ist alles lecker, vom Essen Ã¼ber die GetrÃ¤nke bis hin zur Inneneinrichtung des Restaurants. Es war wirklich ein VergnÃ¼gen!

",0,5.0,0: restaurants|chinesische|restaurant
15.524979,3.1405647," Es befindet sich direkt neben der U-Bahn-Station und ist daher leicht zu erreichen. FÃ¼r 4 MÃ¤dchen bestellten wir 2 Portionen Dim Sum MenÃ¼. Das Essen ist ok eher fÃ¼r AuslÃ¤nder aber die Portion ist wirklich klein wie man auf dem Bild sieht sogar fÃ¼r 2 Personen. Das Restaurant ist schÃ¶n eingerichtet und nicht Ã¼berfÃ¼llt. Wenn Sie also einen entspannten Abend verbringen und GetrÃ¤nke mit Gruppen genieÃŸen mÃ¶chten. Es ist eine gute Wahl.

",0,4.0,0: restaurants|chinesische|restaurant
15.6588955,-0.109854795,Best fine dining Chinese that I had so far. Amazing food and service. Already went three times and would come any time again. Price for the quality is more than fair! ğŸ˜âœ¨,0,5.0,0: restaurants|chinesische|restaurant
14.427622,1.7794672," Die gebratene Ente ist authentisch, mit knuspriger Haut und zartem Fleisch. Besonders der Burrito mit gebratener Ente, der sehr gut ist und ein Lob verdient. Cowboyknochen hat einen Steakgeschmack. Das Entenrack mit Salz und Pfeffer ist sehr gut, es hat das GefÃ¼hl, Entenrack in China zu essen.

",0,5.0,0: restaurants|chinesische|restaurant
14.315838,1.9095865," Die private gebratene Ente ist sehr frisch und kÃ¶stlich, und die Rinderknochen sind auch sehr zart. Die frittierte Auberginenbox mit Salz und Pfeffer schmeckt fantastisch. Das Chili-Huhn ist etwas weniger aromatisch. Insgesamt ist es gut, die Serviceeinstellung ist gut, aber die Portion ist wirklich etwas klein.â€¦

",0,5.0,0: restaurants|chinesische|restaurant
15.191468,1.5890541," Das Restaurant ist im chinesischen Stil eingerichtet und die Umgebung ist sehr gut. Wir beide bestellten gebratene Ente, HÃ¼hnchentopf und RinderknÃ¶del. Die KnÃ¶delfÃ¼llung ist sehr groÃŸ und duftend, die Sauce im HÃ¤hnchentopf ist sehr lecker, die gebratene Entenhaut ist sehr knusprig und kann zu Kuchen hinzugefÃ¼gt werden. Insgesamt ist die Erfahrung sehr gut!

",0,5.0,0: restaurants|chinesische|restaurant
14.591008,2.0563135," Bestellte Lammkoteletts und gebratene Ente sowie ein vegetarisches gebratenes, was wirklich gut ist. Die Lammkoteletts sind sehr zart, die gebratene Entenhaut ist sehr knusprig und das FÃ¼nf-Sterne-Lob wird hoch gelobt, und ich werde Freunde zum Essen mitbringen~~~

",0,5.0,0: restaurants|chinesische|restaurant
15.822786,1.563978," Die Inneneinrichtung lehnt sich eher an westliche GourmetkÃ¼che, schÃ¶nes Ambiente, aber die Musik war einfach zu laut. Die Speisekarte ist so gestaltet, dass sie besser zu den nicht-chinesischen GÃ¤sten passt, die mit der chinesischen KÃ¼che nicht vertraut sind, zum Beispiel werden MenÃ¼s angeboten, die eine Vielzahl von Gerichten von Vorspeisen bis hin zu Hauptgerichten bieten. Wir bestellten das Signature-MenÃ¼, aber wir mochten nicht alles auf der Speisekarte, es war sogar zu viel Essen fÃ¼r uns. Die in Shanghai gebratenen SuppenknÃ¶del waren schlecht ausgefÃ¼hrt - dicke, teigige Haut mit wenig bis gar keiner Suppe in der FÃ¼llung! Der sÃ¼ÃŸ-sauer gebratene Fisch wurde mit einer klebrigen Sauce Ã¼berzogen und wird nach einer Weile matschig. Positiv ist, dass das Siu Mai ziemlich gut war, groÃŸzÃ¼gig in Portionen und Zutaten.

",0,3.0,0: restaurants|chinesische|restaurant
15.909026,1.6616514," Das Interieur ist unglaublich. Es ist so schÃ¶n und strahlt eine so gemÃ¼tliche AtmosphÃ¤re aus, dass es definitiv ein groÃŸartiger Ort ist, um ein romantisches Date zu genieÃŸen. Die QualitÃ¤t des Essens ist so gut und die PrÃ¤sentation ist wunderbar. Dies ist das zweite Mal, dass ich Beijing Duck in MÃ¼nchen bestelle und obwohl ich ehrlich sein muss, da ich bereits Beijing Duck in China gegessen habe, verstehe ich, dass ich hier in MÃ¼nchen nicht die gleiche QualitÃ¤t bekomme, aber dieser Ort bietet das beste Peking Ente bisher in MÃ¼nchen, viel besser als am anderen Ort. Das Dim Sum ist auch super, ich empfehle die SuppenknÃ¶del und die knusprigen Bohnen. Die Teeauswahl ist unglaublich und sehr authentisch fÃ¼r China. Ich habe den Tie Guan Yin bestellt und er wird in einer schÃ¶nen Kanne und einem Tablett geliefert, damit Sie Ihre eigene Mini-Teezeremonie erleben kÃ¶nnen. Der Service ist auch wunderbar. Die Kellner und Kellnerinnen waren so nett, aufmerksam und haben geduldig alles erklÃ¤rt, wenn man Fragen hat.

",0,5.0,0: restaurants|chinesische|restaurant
16.016048,1.46455," Erstaunliche chinesische Erfahrung
Es dauerte eine Weile, bis die Kellner uns erkannten und das Essen dauerte eine Weile.
Es lohnt sich jedoch alles. Das Essen schmeckt fantastisch und ich wÃ¼rde auf jeden Fall wiederkommen.
Das Ambiente ist schÃ¶n, aber innen ist es etwas laut. Sie mÃ¼ssen also schreien, um miteinander zu kommunizieren

",0,5.0,0: restaurants|chinesische|restaurant
15.074262,1.6848006," Bestellte gebratene, Rinderrippen, gebratene Ente. Die gebratene Rohsuppe ist kÃ¶stlich, das Rindfleisch zart und die Rinderknochensauce duftend, die gebratene Ente lÃ¤sst die Menschen in Sekundenschnelle nach China zurÃ¼ckkehren, und zwei Schalen Reis werden verschenkt. DarÃ¼ber hinaus ist die Umgebung hier schÃ¶n, die Serviceeinstellung ist gut und es wird dringend empfohlen, dass ich in Zukunft wiederkomme.

",0,5.0,0: restaurants|chinesische|restaurant
15.484758,0.88316745," Eine schÃ¶ne und gemÃ¼tliche Umgebung fÃ¼r Mittag- oder Abendessen.
Auch die Speisen sind gut und lecker, besonders die knusprigen Auberginen, innen sehr saftig und auÃŸen knusprig.
Wenn ich nur ein Mandarin-Restaurant empfehlen muss, werde ich dieses wÃ¤hlen.

",0,5.0,0: restaurants|chinesische|restaurant
14.814675,0.9979378," Das von einem Freund empfohlene Restaurant hat eine sehr gute Umgebung, die Gerichte sind auch sehr gut und das Gebratene ist lecker! Ich persÃ¶nlich finde, dass der Entenbraten ein sehr gutes Niveau ist, das in Deutschland gegessen werden kannğŸ‘ğŸ‘ğŸ‘Ich werde das nÃ¤chste Mal die gegrillten Lammkoteletts probieren

",0,5.0,0: restaurants|chinesische|restaurant
15.092442,0.6371875," Das Restaurant ist im chinesischen Retro-Stil eingerichtet und hat eine schÃ¶ne Umgebung. Die Speisen sind sehr gut, 6 von uns bestellten 3 Sets, die gebratene Entenhaut ist sehr knusprig und die GarnelenbÃ¤llchen lecker. Insgesamt eine gute Erfahrung!

",0,5.0,0: restaurants|chinesische|restaurant
15.565176,2.628533," Updates Bei meinem letzten Besuch wie gestern Abend stimmen einige Gerichte nicht mit der Speisekarte Ã¼berein. Wenn ""ganze Garnelen"" usw. in ReisbrÃ¶tchen Dim Sum erwÃ¤hnt werden und auch ganze Garnelen aufgehÃ¤ngt werden, kamen sie tatsÃ¤chlich als gehackte StÃ¼cke, nicht als ganze komplette Garnelen, was sich sehr von meiner letzten Erfahrung in diesem Restaurant unterscheidet. Schlagen Sie vor, das MenÃ¼ zu aktualisieren, um andere nicht in die Irre zu fÃ¼hren. Auch das kalte HÃ¼hnchengericht mit Sesamsauce, jetzt sind es 50% Portionen im Vergleich zu meinen frÃ¼heren Besuchen.

Mein 4. Mal. Im Vergleich zum letzten Mal muss ich sagen, dass es 6 Sterne wert ist â­ï¸â­ï¸â­ï¸â­ï¸â­ï¸â­ï¸Google max ist aber 5 Sterne. Der Service war immer gut, das Essen ist jetzt auch unglaublich. Ehrlich gesagt, die Peking-Ente, ich kann keine Fehler finden, obwohl ich super wÃ¤hlerisch bin. Sie braten die Ente erst vor der Bestellung: knusprige Haut, kein Fett, wÃ¤hrend das Fleisch SO saftig ist. Da ich aus Hongkong komme, ist dies der 100% richtige Ort, wenn Sie die besten Chinesen in MÃ¼nchen wollen! Denken Sie daran, Tische im Voraus zu reservieren

",0,3.0,0: restaurants|chinesische|restaurant
15.480132,2.5838833," ğŸ‘­ğŸ» Freundin-Dating, ein guter Ort fÃ¼r MÃ¤nner und Frauen, um sich zu verabreden. Die Dekoration ist exquisit und jeder Ort ist sorgfÃ¤ltig arrangiert. ğŸ’¡Die Lichter sind schwach und emotional.
Das Design des Lichts ist sehr intim, es trifft nicht direkt auf die Augen, aber das Licht wird das menschliche Gesicht schÃ¶ner machen. Die Gerichte sind leckerer. Ich mag diese Melodie. ğŸ‘
ğŸ“GeschÃ¤ftsname: Gelber Kranturm
ğŸ“Adresse: LeopoldstraÃŸe 42, 80802 MÃ¼nchen
Empfehlungsindex: ğŸŒŸğŸŒŸğŸŒŸğŸŒŸ
âœ…Das Hauptnahrungsmittel sind Stimmung und Umwelt. Die Gerichte sind alle exquisit, klein in der Menge und leicht im Geschmack.
ğŸ”¸Jeden Samstag und Sonntag von 11 bis 15 Uhr ğŸˆ¶ï¸Chinesischer Morgentee, die TeegebÃ¼hr betrÃ¤gt 5 Euro pro Person.
ğŸ”¸ Diese Woche Erfrischungen hinzugefÃ¼gt: Gebratener Kuchen mit geschmorter Rinderzunge und Bohnenpaste
Der heutige Verbrauch liegt bei 100 Euro, 33 Euro pro Kopf.
â€¢
ğŸ…ï¸Gabelgrillente Shuangpin yyds
Die gebratene Entenhaut ist knusprig und hat einen guten Geschmack. Das gegrillte Schweinefleisch ist sehr zart und das Fett ist nicht fettig.
ğŸ°Matcha Tiramisu yyds
Weil es so lecker war, habe ich 2 StÃ¼ck bestellt, die salzige Butter war besonders lecker. Der Geschmack ist reich an Schichten.
ğŸ® Geschmorte Rinderzunge
Das Kalbsleder ist sehr zart, nicht sehr salzig, es ist leicht und lecker, sehr gut geeignet fÃ¼r kalte Vorspeisen. Das unten stehende Edamame ist auch sehr erfrischend, mit einer schÃ¶nen Farbkombination.
ğŸ¥£MeeresfrÃ¼chtebrei
Es gibt eine Menge Dinge im Inneren, was ein wenig angenehm Ã¼berrascht ist. Kleine Muscheln, KrabbenstÃ¤bchen, Tintenfisch ğŸ¦‘, Ingwerscheiben.
ğŸ¥Ÿ ""Made of iberian iberian Pig"" Gebratenes BrÃ¶tchen
Der Geschmack ist durchschnittlich. Die Rohstoffe sind gut.
ğŸ¥§ Eierkuchen
Der Geschmack ist sÃ¼ÃŸ.
ğŸ˜ Gebratener Kuchen mit Bohnenpaste
Dieser ist nicht sÃ¼ÃŸ, aber lecker, mit einem kleinen Glas voller Honig.
Der Honig wurde spÃ¤ter von uns verwendet, um dem grÃ¼nen Tee zu trinken, und der Geschmack des Tees verbesserte sich unerwartet.
â€¢
ğŸšª
Es ist nicht einfach, den Eingang zu finden, also habe ich ein Foto gemacht, damit jeder ihn leicht finden kann.
Liked ğŸ Freunde dÃ¼rfen gerne sammeln und liken, danke â¤ï¸

",0,5.0,0: restaurants|chinesische|restaurant
12.47113,2.7667873," Das Essen und der Service ist gut. Toller Empfang und tolles Ambiente. Dem SuppenknÃ¶del fehlte Suppe ğŸ¤·ğŸ¼â€â™‚ï¸, Bao war auch zu Ã¶lig fÃ¼r Leute, die kein schweres Essen mÃ¶gen.

",1,3.0,1: geschmack|food|gegessen
13.14629,2.4889655," Der Service ist super und die AtmosphÃ¤re ist auch sehr gut.Die Dekoration sollte von einem professionellen Team gestaltet werden.Von der Speisekarte bis zum Gedeck ist alles durchdacht. Generell ist der Preis der Gerichte in Ordnung, der Entenbraten lecker und das Entenregal mit Salz und Pfeffer ein Muss!

",0,5.0,0: restaurants|chinesische|restaurant
15.5032835,0.57864016," Der Chef sagte, dass viele Landsleute schlechte Bewertungen abgegeben haben, weil sie den Preis fÃ¼r zu teuer halten, aber ich denke, es ist normal, dass gutes chinesisches Essen teurer ist, vor allem die Umgebung und der Service hier sind hervorragend und das Essen ist definitiv fÃ¼nf Sterne .

",0,5.0,0: restaurants|chinesische|restaurant
14.687893,2.2477736," Kam zum zweiten Mal hierher. Die Speisen sind alle super, im Grunde tritt man nicht auf Donner. Mein Favorit sind Garnelenreisrollen, die Suppe schmeckt sehr gut.
Die Lammkoteletts sind auch auÃŸen sehr zart.
Das DampfbrÃ¶tchen auf der AuÃŸenseite des Entenfleisches ist sehr knusprig und hat das GefÃ¼hl eines kleinen DampfbrÃ¶tchens mit heimischer Kondensmilch.
Das letzte Mal habe ich den Entenbraten gegessen, den ich schon lange nicht mehr gegessen habe.
Es lohnt sich zu kommen â˜ºï¸

",0,5.0,0: restaurants|chinesische|restaurant
15.194719,0.4816416," Die Dekoration des Restaurants und das Essen sind alle sehr erlesen, mit Innovation in der Tradition und der Service ist aufmerksamer. Es ist ein seltenes europÃ¤isches Restaurant, das raffiniertere chinesische KÃ¼che serviert

",0,5.0,0: restaurants|chinesische|restaurant
14.935445,2.0193112," Sehr empfehlenswert!
GroÃŸer Schub. Wir bestellten Xiao Long Bao, Fried Bao Bao, Beef Congee, Fried Dickdarm, Roasted Duck, Chau Shou in Red Oil und Portugiesisch Egg Tart, keiner von ihnen war enttÃ¤uschend!

",0,5.0,0: restaurants|chinesische|restaurant
12.261671,1.835707," Die Serviceeinstellung ist sehr gut, der Geschmack ist gut, dies ist von Person zu Person unterschiedlich, die Umgebung ist gut, ich empfehle die gebratenen BrÃ¶tchen und die gebratene Ente.

",1,5.0,1: geschmack|food|gegessen
15.2197075,1.5207449," Die Sauce in rotem Ã–l ist zu scharf, die GarnelenrÃ¶llchen sind nicht intakt und das Entenbratenfleisch ist sÃ¼ÃŸ und sehr holzig, besser die knusprige Ente im Thai-Essen bestellen. Die Lage und Umgebung sind in der Tat Ã¼berlegen, und der Service ist auch sehr gut.
Als Chinesisch kann ich es nicht sehr empfehlen, abgesehen von der guten Umgebung und Lage.
Nr. 48 Frisch gedÃ¤mpfter Reisig mit Garnelen hat fast keine Garnelen, es wurde sehr fein gehackt Nr. 42 Gekochte Wan Tan gefÃ¼llt mit Schweinehackfleisch ist zu scharf sogar fÃ¼r Chinesen, habe ich in China noch nie gegessenâ€¦

",0,2.0,0: restaurants|chinesische|restaurant
11.009469,1.9094971," Unglaubliches Essen in einem wunderschÃ¶nen Ambiente. FÃ¼r einen besonderen Abend auf jeden Fall sehr zu empfehlen!

",1,5.0,1: geschmack|food|gegessen
12.362597,1.9045049," Der Geschmack ist sehr gut und die Umgebung ist auch sehr gut. Die Gerichte sind kÃ¶stlich. Ich war schon mehrmals hier. Der Besitzer ist auch sehr gut. Die Pekingente ist sehr authentisch. Empfehlenswert!

",1,5.0,1: geschmack|food|gegessen
15.521954,1.3264061," Auf keinen Fall ein Experte fÃ¼r chinesisches Essen, aber das Essen hat mir ziemlich gut gefallen. Das Signature-MenÃ¼ ist eigentlich ziemlich lang. Ich mochte die KnÃ¶del und die Ente sehr, sehr lecker.

Allerdings ist der Platz etwas laut.

",0,5.0,0: restaurants|chinesische|restaurant
15.924705,1.2401878," Aktualisiert 2021-08: YÄ hat mit einer neuen Speisekarte und viel Wein wiedererÃ¶ffnet. Auch ein gutes kantonesisches FrÃ¼hstÃ¼cksmenÃ¼ zum Mittagessen am Wochenende.
Wir haben unter anderem das ""Delight""-MenÃ¼ probiert. Es ist eine interessante Fusion aus einigen kleinen Gerichten und Dim Sums sowie einer Ã¼berraschend authentischen Peking-Ente als Hauptgericht. Es ist teurer als ein typisches chinesisches Restaurant, aber insgesamt ein gutes Preis-Leistungs-VerhÃ¤ltnis fÃ¼r das, was man bekommt.
Ich bin mir nicht sicher, ob die Fusion-Gerichte fÃ¼r jeden geeignet sind z. B. die wÃ¼rzigen HÃ¤hnchenknÃ¶del, aber ich kann die Peking-Ente bedenkenlos empfehlen.
-----
Von der gleichen Kette, die Chois Hotpot und Seen Restaurant betreibt, hat YÄ é»„é¹¤æ¥¼ derzeit einen kleinen Imbissstand mit einer interessanten Auswahl an Gerichten zum Mitnehmen. Leckeres chinesisches Fusionsessen wie erwartet. Der Prozess, der vor dem Corona-Lockdown erÃ¶ffnet wurde, hat Erwartungen geweckt und freut sich auf seine regelmÃ¤ÃŸige ErÃ¶ffnung in der Zukunft.
Beachten Sie, dass sich das Restaurant unter der Erde befindet und am Eingang keinen Aufzug hat.

",0,5.0,0: restaurants|chinesische|restaurant
15.311521,-0.7029799," Eines der besten chinesischen Gerichte, die ich bisher in MÃ¼nchen gegessen habe. Jeden Cent wert. Tolle AtmosphÃ¤re auch!

",0,5.0,0: restaurants|chinesische|restaurant
14.349227,1.3040092," Der Geschmack ist durchschnittlich und der Preis niedrig. Vielleicht ist der Standort ein anderer. Eine SchÃ¼ssel Reis kostet etwa 4 Euro

",0,1.0,0: restaurants|chinesische|restaurant
15.568193,0.85382825," Ich mag die Umgebung des Restaurants sehr. Es ist elegant und stimmungsvoll, mit einer Kombination aus chinesischem und westlichem Stil. Es ist ein seltenes chinesisches Restaurant in MÃ¼nchen, das den Leuten ein frisches GefÃ¼hl gibt. Es ist nicht mehr das Klischee eines chinesischen Restaurants Deuschland. Die Gerichte sind exquisit, der Geschmack ist gut und die einzigartigen Cocktails mit chinesischen Elementen sind Pluspunkte. Der Wermutstropfen ist, dass die Sitzordnung zu eng ist, das Ein- und Aussteigen unbequem ist und den Nachbartisch stÃ¶rt. Auch beim Abendessen offensichtlich unterbesetzt, eine Stunde auf ein Gericht warten und falsche Zeiten fÃ¼r Desserts und Hauptgerichte. Hoffe auf Besserung, schlieÃŸlich gibt es in MÃ¼nchen zu wenig gutes chinesisches Essen.

",0,3.0,0: restaurants|chinesische|restaurant
15.97173,1.3544717,å’Œå¥³æœ‹å‹åº¦è¿‡äº†ä¸€ä¸ªæ„‰æ‚¦çš„ladyâ€™s night out. æ–°èœå•ç±»ä¼¼è¥¿é¤çš„courses. å‘³é“å’Œæ‘†ç›˜éƒ½ç²¾è‡´ã€‚å„ç§è°ƒé…’èµå¿ƒåˆå¥½å–ã€‚è¿™é‡Œé€‚åˆæ¥æ…¢æ…¢åƒï¼Œæ…¢æ…¢å–ï¼Œæ…¢æ…¢èŠã€‚ä»ç¯å¢ƒåˆ°èœå¼å†åˆ°æœåŠ¡ï¼Œå„ç§ç»†èŠ‚ä½“ç°äº†ownerçš„ç”¨å¿ƒã€‚å¾ˆæ¬£èµæœ‰åäººèƒ½èŠ±è´¹è¿™æ ·çš„ç²¾åŠ›ï¼Œé‡æ–°å®šä¹‰å›½å¤–çš„ä¸­é¤å…ï¼Œæ”¹å˜å¾ˆå¤šè€å¤–å¯¹ä¸­é¤ç™»ä¸ä¸Šå¤§é›…ä¹‹å ‚çš„ç†è§£ã€‚å½“ç„¶ï¼Œå®šä½å’Œå®šä»·éƒ½åé«˜ã€‚å¦‚æœä¸‰äº”å¥½å‹æƒ³åƒä¸ªçƒ­ç«æœå¤©ï¼Œå¤§å¿«æœµé¢ï¼Œæ›´ä¼ ç»Ÿçš„ä¸­é¤å…å¯èƒ½æ›´åˆé€‚ã€‚,0,5.0,0: restaurants|chinesische|restaurant
14.810134,1.672188," ReisbrÃ¶tchen sind auÃŸen Fleisch und innen Mehl. Gebratene Niuhe, es gibt Hirse scharf, wie kann es scharfe Sachen in der kantonesischen KÃ¼che geben! VerÃ¤nderte das Essens- und GetrÃ¤nkekonzept einer Person, die in Guangzhou lebt! Der hohe Preis basiert auf einer hohen QualitÃ¤tskontrolle und einem hochwertigen Essen.Es ist nicht so, als wÃ¼rde man AuslÃ¤nder, die speisen, glauben machen, dass ReisbrÃ¶tchen und trocken gebratene Niuhe dasselbe sind, was zu MissverstÃ¤ndnissen fÃ¼hrt!

",0,1.0,0: restaurants|chinesische|restaurant
15.421066,0.49806434," Das Essen ist sehr gut, genauso wie die AtmosphÃ¤re und der Service. Der Preis ist etwas hÃ¶her als in einem normalen chinesischen Restaurant, aber es ist das Geld wert.

",0,4.0,0: restaurants|chinesische|restaurant
13.226555,1.7950288," Die Einstellung des Kellners ist sehr gut, die Gerichte sind sehr delikat und am Ende werden auch kleine KnÃ¶del geschickt. Ein wenig teuer, aber einen Versuch wert

",0,5.0,0: restaurants|chinesische|restaurant
15.916833,0.41948932," Stilvoller Ort, perfekt fÃ¼r Dates, GeschÃ¤ftsessen oder ein Abendessen mit Freunden! Moderne und stilvolle asiatische Design-Location mit wirklich gutem kantonesischem Essen. Die Kanton-Ente ist ebenso groÃŸartig wie Wantan- und SuppenknÃ¶del nach Shanghai-Art! GroÃŸe Auswahl an Weinen!

",0,5.0,0: restaurants|chinesische|restaurant
15.44474,3.8901029," Das Restaurant hat eine schÃ¶ne Umgebung und Einrichtung. Auch das Essen war gut, obwohl einige Sachen nicht mehr heiÃŸ waren, als sie an unseren Tisch kamen. Leider war der Service Ã¼berhaupt nicht toll. Offensichtlich gab der Tisch neben uns mehr Geld aus und wir waren auch keine GeizhÃ¤lse, also bekamen sie die volle Aufmerksamkeit. Ich musste dreimal eine zweite Flasche Wasser bestellen und dann dauerte es fast 15 Minuten, bis wir sie bekamen. Obwohl das Essen gut genug ist, werden wir es leider nicht noch einmal probieren.

",0,3.0,0: restaurants|chinesische|restaurant
12.260487,2.5740154," Ich bin besonders hierher gekommen, die Umgebung und der Service sind den Preis dieses Gerichts wert!
Das Geschirr ist exquisit, die Speisen exquisit und der Geschmack ist in MÃ¼nchen sehr gut.

",1,5.0,1: geschmack|food|gegessen
15.559003,3.9361331," Super schmeckendes Essen, bereits unser zweites Mal. SchÃ¶ne MenÃ¼auswahl.

Aber wirklich chaotischer Service: Beim ersten Mal wusste der Kellner nicht, wie er die Flasche Wein Ã¶ffnen sollte, und beim zweiten Mal gestern kamen unsere MenÃ¼gerichte alle zusammen und die Hauptgerichte unserer Freunde am Ende und trennten sich, nachdem wir den Kellner darum gebeten hatten das dritte Mal.

HÃ¶chstwahrscheinlich kein Ort zum Wiederholen wegen der ServicequalitÃ¤t

",0,3.0,0: restaurants|chinesische|restaurant
15.040652,-0.8719562," Es ist kÃ¶stlich und die PrÃ¤sentation ist wunderschÃ¶n. Auch das Umfeld tut gut! Chinesische Essensdecke in MÃ¼nchen! ! !

",0,5.0,0: restaurants|chinesische|restaurant
15.312663,3.307953," Tolles Restaurant!

Dieses Restaurant befindet sich direkt neben der U-Bahnstation, das Innere war wunderschÃ¶n und sauber. Wir haben 2 Mocktails bestellt, die so so so gut waren, ich kann Litchi Fizz & Bayberry Fizz empfehlen! Dann bestellten wir das Ya Delight Menu, was unglaublich war, wir bestellten vorher ein paar extra SuppenknÃ¶del, aber das MenÃ¼ ist mehr als genug, wir konnten nicht alle zu Ende bringen, sondern nahmen den Rest mit nach Hause? Die Kellnerinnen waren auch sehr freundlich. Wir werden auf jeden Fall wiederkommen und das Dessert probieren? Es war einfach alles perfekt. Danke â™¥ï¸

",0,5.0,0: restaurants|chinesische|restaurant
14.6982765,-0.1758437," Sehr leckeres Essen und schÃ¶ner Dekorationsstil! Das sehenswerteste asiatische Restaurant in MÃ¼nchen! ğŸ‘ğŸ¼

",0,5.0,0: restaurants|chinesische|restaurant
14.949426,-0.95377564," Das erste chinesische Essen in MÃ¼nchen, das Siu Mai ist super lecker! Der sÃ¼ÃŸ-saure Grapefruit-Spinat ist sehr kreativ

",0,5.0,0: restaurants|chinesische|restaurant
11.500337,2.4729452," Die Umgebung ist wie ein privater Club, die Gerichte sind reichhaltig und lecker
Gute Service-Haltung

",1,5.0,1: geschmack|food|gegessen
12.401874,1.532793," Die Gerichte sind sehr delikat, der Geschmack ist gut und die GetrÃ¤nke sind kÃ¶stlich!

",1,5.0,1: geschmack|food|gegessen
11.199514,1.9703053," Hauptgerichte waren in Ordnung. Der Nachtisch hat mir sehr gut gefallen

",1,4.0,1: geschmack|food|gegessen
14.919732,1.4363723," 1. Umgebung:
Am besten in MÃ¼nchen und wahrscheinlich am besten in Deutschland.
2. Leistungen:
gute Einstellung
3. Geschmack:
Gebratene Ente - tolle, knusprige Haut und zartes Fleisch.
Shaomai â€“ der Geschmack stimmt, die Textur ist zÃ¤h.
DarÃ¼ber hinaus sind die alkoholfreien Barkeeper und Desserts hÃ¶her als das durchschnittliche chinesische Restaurantniveau.
4. Preis:
Ãœberdurchschnittlich 40-50â‚¬ pro Kopf

",0,5.0,0: restaurants|chinesische|restaurant
14.7262945,-0.7682229," Ausgezeichnetes modernes chinesisches Essen. SchÃ¶ne Inneneinrichtung mit vielen kleinen Details. Nettes Personal.

",0,5.0,0: restaurants|chinesische|restaurant
15.694372,0.85797435," Beeindruckend! Erstaunliche chinesische Erfahrung! Genossen ein Signature-MenÃ¼ fÃ¼r 2 Personen. Die Portionen waren so gut, die QualitÃ¤t des Essens war hoch, schÃ¶ne und leckere Cocktails, sehr freundlicher und hÃ¶flicher Service.
Absolut empfehlenswert, wenn Sie noch kein gutes chinesisches Essen erlebt haben

",0,5.0,0: restaurants|chinesische|restaurant
15.670588,2.0156353," Heute esse ich fÃ¼r eine Person. Ich habe zu viel SchwerÃ¶l und schweres Salz aus anderen GeschÃ¤ften im Dorf gegessen. Dieses Restaurant ist wirklich ğŸ‰‘ï¸. Bestellte Sojasauce HÃ¤hnchenkeulen, Salz- und Pfeffertofu und Shanghai kleine Wontons. Es ist kÃ¶stlich, kann es kaum erwarten, ein Foto zu machen

",0,5.0,0: restaurants|chinesische|restaurant
13.769168,2.3455992," Insgesamt ist gut. Die Portion ist eher klein. Einige Gerichte sind definitiv super Ã¼berteuert. Die Kellnerin schlug uns das Garnelengericht vor. Als wir es dann bekamen, kostete es 24 â‚¬ fÃ¼r nur 4 Garnelen...und es schmeckt einfach in Ordnung, nichts Besonderes im Vergleich zu anderen Gerichten.

",0,4.0,0: restaurants|chinesische|restaurant
14.44226,2.3068757," Die Terrasse ist wirklich schÃ¶n. Aber mit Essen nicht zufrieden. SÃ¼ÃŸes HÃ¼hnchen ist lecker, Kartoffelnudeln sind auch gut. die anderen waren nicht so lecker, als ich dachte.

",0,4.0,0: restaurants|chinesische|restaurant
14.786566,-0.35774225," Exquisit eingerichtetes modernes chinesisches Restaurant mit FusionskÃ¼che. SchÃ¶ne Erfahrung.

",0,4.0,0: restaurants|chinesische|restaurant
16.018417,0.8733738," AnstÃ¤ndiges chinesisches Essen nach MÃ¼nchens miserablen MaÃŸstÃ¤ben fÃ¼r asiatisches Essen, aber die Preise, die sie verlangen, machen es nicht wert. Dieses Restaurant wÃ¼rde es nicht Ã¼berleben, fÃ¼r seine QualitÃ¤t in einem asiatischen Land zu verlangen, was es tut, also erwarten Sie kein erstklassiges Erlebnis, obwohl Sie einen krÃ¤ftigen Cent ausgegeben haben. Die Abendkarte ist umfangreicher als die Mittagskarte, also beachten Sie, wenn Sie einige der ausgefalleneren Gerichte probieren mÃ¶chten

",0,3.0,0: restaurants|chinesische|restaurant
13.898572,1.9898832," Die Portion ist ziemlich umfangreich und die junge Dame und der jÃ¼ngere Bruder sind sehr freundlich! Alle Gerichte schmecken ziemlich gut, manche sind etwas zu salzig und sÃ¼ÃŸ, die FrÃ¼hlingszwiebeln und Gurken des Entenbratens hoffen, dass es in Zukunft noch mehr gibt!

",0,4.0,0: restaurants|chinesische|restaurant
12.502231,1.6860645," Die Gerichte sind sehr reichhaltig, die Portion ist auch sehr groÃŸ, der Geschmack ist sehr einzigartig und gut, es ist einen Versuch wert

",1,5.0,1: geschmack|food|gegessen
11.096891,2.3332455," Tolles Essen, guter Service. Die AtmosphÃ¤re ist wirklich gemÃ¼tlich. WÃ¼rde meinen Freunden empfehlen zu kommen!

",1,5.0,1: geschmack|food|gegessen
7.8085504,2.619711," sehr lecker, einen besuch wert aus frankfurt

",2,5.0,2: schmecken|schmeckt|geschmack
15.435014,1.2322884," Ich fÃ¼hle mich betrogen. Ich verstehe nicht, warum Chinesen 5 Sterne vergeben. Dies ist eindeutig westliches chinesisches Essen. Das Servieren ist sehr langsam. Es ist keine kantonesische gebratene Ente, es ist unscheinbar. Alle Gerichte sind klein und teuer. Vergiss es, der Geschmack ist immer noch seltsamer als die anderen. Der Tee kostet mehr als zehn Euro pro Kanne, und das Wasser kann nicht nachgefÃ¼llt werden. Der Pro-Kopf-Verbrauch liegt bei 35 Euro. Wenn Sie nicht satt sind, trinken Sie zu wenig, die Umgebung ist laut , die Musik ist laut, vielleicht ist dieser Ort nur zum Trinken von Bars geeignet, wenn Sie gut essen wollen, kommen Sie nicht hierher. . .

",0,1.0,0: restaurants|chinesische|restaurant
15.410777,0.0164335," Zweifellos das beste chinesische Restaurant in MÃ¼nchen !!! Die handgemachten Nudeln sind ein Traum. Alle Gerichte sind voller Geschmack und sehr authentisch. Auch ein ausgezeichnetes Preis-Leistungs-VerhÃ¤ltnis!

",0,5.0,0: restaurants|chinesische|restaurant
14.425229,3.111091," Vielen Dank fÃ¼r den schÃ¶nen Abend? Der Service war ausgezeichnet und das Essen fantastisch! Wir nahmen das MenÃ¼ A und das hat zwei hungrige Leute gut satt gemacht. Auch Wein- und GetrÃ¤nkeempfehlungen passten perfekt zusammen.

",0,5.0,0: restaurants|chinesische|restaurant
9.490387,2.169583," Das Essen ist gut, das T-Bone ist das Beste.

",1,5.0,1: geschmack|food|gegessen
13.900848,0.36359456," Sehr lecker und das Restaurant hat eine tolle AtmosphÃ¤re! !

",1,5.0,1: geschmack|food|gegessen
14.1661,0.57333297," Die Gerichte sind exquisit, die Dekoration des Restaurants ist sehr aufmerksam, die AtmosphÃ¤re ist voll, der Geschmack ist gut und der Service stimmt. Ich werde das nÃ¤chste Mal wiederkommen.

",0,5.0,0: restaurants|chinesische|restaurant
13.565194,2.202745," Morgentee fÃ¼r das Wochenende. Ich habe das GefÃ¼hl, dass die allgemeine Umgebung chaotisch ist, es gibt viele Leute, es gibt wenige Kellner und das Bestellen ist sehr langsam. Das Essen ist klein, die Speisekarte ist einfach, der Geschmack ist durchschnittlich, es ist den Preis nicht wert. Sollte nicht mehr hingehen.

",0,2.0,0: restaurants|chinesische|restaurant
13.302937,2.0201285," Gute Umgebung
gutes GeschÃ¤ft
GemÃ¼se wird schnell serviert
Die Gerichte sind kÃ¶stlich
Die Portionen der Mahlzeiten sind sehr klein und delikat, und es fÃ¼hlt sich an wie eine Person
Es gibt WLAN, aber es funktioniert nicht

",1,4.0,1: geschmack|food|gegessen
15.880101,0.63771063," Das Essen war in Ordnung, aber da war diese asiatische Kellnerin, die einen so seltsamen Stil hat, dass man sich wirklich unwohl fÃ¼hlt, also definitiv nie wieder!

",0,1.0,0: restaurants|chinesische|restaurant
15.403836,-0.556193," Das Essen hier ist fantastisch, Ã¤hnlich wie zu Hause. Sehr authentisches chinesisches Essen, ich wÃ¼nschte, ich wÃ¼rde in der NÃ¤he wohnen und kÃ¶nnte wiederkommen!

",0,5.0,0: restaurants|chinesische|restaurant
14.521085,2.9117105," Sehr gutes Restaurant, guter Service und guter Preis. Wir aÃŸen zwei ""bezahlte"" Enten mit Nudels und Enten in der SchÃ¼ssel.

",0,4.0,0: restaurants|chinesische|restaurant
14.651849,1.9644406," Der Yellow Crane Tower ist sehr gut. Ich habe gebratene Ente, ReisbrÃ¶tchen, Entenrack und gebratene Rinderrippen bestellt. Bis auf das Entenrack schmeckt es sÃ¼ÃŸ und lecker. Ich werde Freunden empfehlen, zu kommen.

",0,5.0,0: restaurants|chinesische|restaurant
11.558651,3.3234956," Schick und authentisch zugleich. Die AbendmenÃ¼s sind wirklich gut durchdacht und die Aromen sind besser, als man zu diesem Preis erwarten wÃ¼rde. Der Service ist groÃŸartig.

",1,5.0,1: geschmack|food|gegessen
15.693268,0.992369," Die Dekoration von Morandis Hauptfarbe ist ziemlich groÃŸ, das Geschirr ist exquisit, aber der Preis ist zu hoch! Der Service ist durchschnittlich und es gibt kein kostenloses Trinkwasser, wenn Sie einen Wasserbecher stellen! Es scheint ein bisschen Ã¼berflÃ¼ssig! Obwohl High-End-Restaurants eine GebÃ¼hr verlangen, kÃ¼mmern Sie sich nicht um eine kleine Tasse nachdenkliches kostenloses Wasser! Der Kellner kann nicht einmal Chinesisch sprechen! UrsprÃ¼nglich war die Beleuchtung fÃ¼r den Effekt relativ schwach, und die Speisekarte war etwas zu ausgefallen, Chinesisch und Deutsch wurden zusammengemischt, sodass ich nicht klar sehen konnte! Viele der Gerichte auf den Bildern sind gar nicht da! Das Dim Sum schmeckt so lala! Hat bei mir keinen besonderen Eindruck hinterlassen! Wenn es nur um die Umwelt geht, wird der Kunde wohl einmal kommen, um es auszuprobieren! Das GeschÃ¤ft im Laden sieht sehr gewÃ¶hnlich aus, es gibt nicht viele Tische! Vielleicht hat der Mindestverbrauch Ã¼berzeugt! Wer langfristig wirtschaften will, muss Gerichte erforschen und entwickeln!

",0,2.0,0: restaurants|chinesische|restaurant
11.262329,1.8474447," Sehr leckere Gerichte mit super coolem Ambiente! Ich kann es sehr empfehlen fÃ¼r eine romantische Nacht. Wir sind bald wieder daï¼

",1,5.0,1: geschmack|food|gegessen
14.056287,1.6836731," Satay veganes Mitnehmen mit SÃ¼ÃŸkartoffelnudeln. Vorsicht, ein bisschen scharf Gute QualitÃ¤t fÃ¼r das Geld, jetzt neugierig auf das AbendmenÃ¼ mit dunkler Sonne :

",1,5.0,1: geschmack|food|gegessen
14.335444,0.30487335," Sehr exquisites kantonesisches Restaurant mit exquisiter Dekoration und exquisitem Essen. Der Geschmack ist sehr authentisch! Besonders geeignet fÃ¼r romantische Dates und GeschÃ¤ftsgesprÃ¤che etc.

",0,5.0,0: restaurants|chinesische|restaurant
15.04203,3.7937791," Das Ã„uÃŸere des Ladens ist schwer zu verstehen, aber wenn man ihn betritt, sieht die Inneneinrichtung wie eine andere Welt aus. Der Nachteil ist jedoch, dass das MenÃ¼ schwer zu interpretieren ist. Daher habe ich mich fÃ¼r den Kurs entschieden, aber ich dachte, es sei eine kleine Menge.
Die PrÃ¤sentation und der Geschmack sind jedoch die besten. Das Personal fand ich auch sehr freundlich.

",0,5.0,0: restaurants|chinesische|restaurant
15.710856,4.1576424," Der Kellner abgeschickt gekickt uns weg, da wir zu frÃ¼h kam und sagte uns, dass sie Platz didnt haben, weil bereits voll von einigen Gruppen gebucht in Corona Zeit kann er eine solche LÃ¼ge erzÃ¤hlen, bis wir eine Reservierung machen, und voila genannt! wir haben einen Platz fÃ¼r 2 ppl um 18.00 Uhr. Er sollte uns sagen, spÃ¤ter statt zu sagen, gelogen zu kommen. Das Restaurant war nicht voll besetzt, und er war in Verlegenheit gebracht, uns zu sehen, wenn ich bei ihm beschwert, warum hat er zu neuen Kunden so schlechten Service zu tun. Das Essen war ok, 80plus Euro fÃ¼r 2persons bezahlt. Aber alles in allem nach dem Vorfall, der Service, Preis, ich gebe nur max 1 *. Sicherlich wird fÃ¼r eine solche schlechte Behandlung nicht wieder kommen und ihre Instagram unfollow.

",0,1.0,0: restaurants|chinesische|restaurant
15.469445,1.3999896," Die AtmosphÃ¤re im Restaurant ist sehr kleinlich, die Kidneybohnen sind frisch und der Geschmack ist gut. Das Grapefruit-Eis schmeckt einfach nach Honig-Grapefruit-Tee, und die RÃ¼ckseite hat das Joghurt-Feeling. Es ist sehr gut. Gib volle Punktzahl. Gebratene Ente ist nichts, KnÃ¶del. . . Man kann nur sagen, dass er sehr markant ist, aber den Geschmack der Chinesen nicht trifft. Insgesamt liegt er Ã¼ber der Passlinie. Den Morgentee kannst du beim nÃ¤chsten Mal probieren. Einige chinesische Dinge wie Porridge gibt es nur in der Morgentee.

",0,5.0,0: restaurants|chinesische|restaurant
14.73743,-0.75674164," Das exquisiteste chinesische Essen in MÃ¼nchen, die Umgebung ist ausgezeichnet und die Gerichte sind kÃ¶stlich

",1,5.0,1: geschmack|food|gegessen
14.5136385,3.847624," Mein erster Eindruck: Stornante bergige Umgebung.
Der Service ist zu langsam.
Das Essen hatte ich besser erwartet.
Eine kurze Zusammenfassung ist fÃ¼r mich kein geeigneter Ort, da war das erste Mal genug und mehr.

",0,1.0,0: restaurants|chinesische|restaurant
14.975029,-1.0205264," Es gibt verschiedene chinesische Dumplings. Auch das Umfeld ist sehr gut.

",0,5.0,0: restaurants|chinesische|restaurant
15.399448,3.5967968," Wir besuchten am Freitag den 15.10.2021 fÃ¼r Dim Sum. Das Interieur ist atemberaubend und der Service war gut. Ich habe diesen Ort gewÃ¤hlt, weil ich SuppenknÃ¶del auf der Speisekarte gesehen habe, etwas, das ich nur in Asien und nicht in MÃ¼nchen hatte, aber es war eine solche EnttÃ¤uschung und hat meine Erfahrung in diesem Restaurant verdorben. Die KnÃ¶delhÃ¼lle war zu dick und teigig und von der versprochenen Suppe war innen keine Spur, die FÃ¼llung innen hatte auch keinen Geschmack. Die anderen Gerichte waren in Ordnung, aber nichts Besonderes, das mit Ente gefÃ¼llte BrÃ¶tchen war sehr Ã¶lig und es fehlte eine Art SoÃŸe, um den Geschmack des Gerichts hervorzuheben. Ich schmeckte nur getrocknete Ente und rohe Zwiebeln. Ich kann die Hauptgerichte nicht wie wir bewerten
zu voll von dem geschmacklosen Dim Sum, um noch etwas anderes zu probieren. Die 3 Sterne sind fÃ¼r die Einrichtung und den Service nicht das Essen. Ich bin mir nicht sicher, ob ich dieses Hotel wieder besuchen wÃ¼rde, enttÃ¤uschend, da ich aufgrund der Kommentare der anderen Rezensenten hohe Erwartungen hatte.

",0,3.0,0: restaurants|chinesische|restaurant
10.296076,2.9906855," Gebratene BrÃ¶tchen sind lecker ~ Gute Lage, netter Service, leckeres Essen!

",1,5.0,1: geschmack|food|gegessen
15.55982,4.1576753," Das Essen hat ewig gedauert, die Kellner sind unhÃ¶flich, super kleine Portionen fÃ¼r den Preis. Lesen Sie unten mehr:

Wir warteten 45 Minuten auf die erste Runde GetrÃ¤nke, mussten unseren Server wiederholt daran erinnern, dass unsere 4-kÃ¶pfige Gruppe existierte Lange sagten sie uns, wir hÃ¤tten das teure Special nicht bestellt, daher war unsere PrioritÃ¤t niedriger als bei anderen Tischen. .

Es ist wirklich peinlich, dass wir Kunden zweiter Klasse sind und mit solcher NachlÃ¤ssigkeit behandelt werden.

Ich wÃ¼rde dieses Hotel niemals jedem empfehlen, der Ã¼berhaupt eine WÃ¼rde hat und es nicht genieÃŸt, eine Stunde vor dem Essen unbeaufsichtigt zu bleiben.

Ich hoffe, dieser Ort lernt aus ihren Fehlern. Das Eigentum kÃ¼mmert sich offensichtlich nicht um den Service.

",0,1.0,0: restaurants|chinesische|restaurant
13.967184,2.9267306," Es war unglaublich heute, die Umgebung ist super gemÃ¼tlich, die Gerichte sind hochwertig und ich werde wieder auf die Party kommen, ich habe vor, es als ausgewiesenes Restaurant zu nutzen!

",0,5.0,0: restaurants|chinesische|restaurant
10.580921,2.1410306," Sehr lecker, tolle Umgebung, guter Service

",1,5.0,1: geschmack|food|gegessen
13.970114,0.3148273," Die Gerichte sind lecker und die Umgebung ist sehr gut! Ein empfehlenswertes Restaurant!

",1,5.0,1: geschmack|food|gegessen
15.682867,4.0940347," Wenn Sie nicht bereit sind, hier viel Geld auszugeben, bereiten Sie sich darauf vor, Ihre Zeit damit zu verbringen zu verschwenden, auf die Mahlzeiten zu warten.

Nachdem wir min. 20 Minuten fÃ¼r jede Mahlzeit und sogar 20 Minuten. FÃ¼r die GetrÃ¤nke am Anfang fragten wir den Kellner nach einem Grund, warum alles so lange gedauert hat. Der Kellner sagte, dass ihre Regel geÃ¤ndert wurde und dass sie jetzt Leute bedienen, die kein Essen mehr bestellt haben, werden in die Warteschlange gesetzt. Wenn die Leute das MenÃ¼ bestellt haben, bekommen sie die Mahlzeiten schneller. Das heiÃŸt, Leute wie wir, die die Mahlzeiten separat bestellt haben, werden stÃ¤ndig verschoben, bis die MenÃ¼s fÃ¼r andere Kunden serviert werden. Bedeutet dies, dass es eine Hierarchie zwischen den Kunden gibt? Sind wir zweitrangige Kunden? Auch wenn die Regel geÃ¤ndert wurde, kann der Server den Kunden zumindest am Anfang nicht hinterher mitteilen.

",0,1.0,0: restaurants|chinesische|restaurant
15.290978,0.48142424," Der Service und die Dekoration sind erstklassig.Es ist in der Tat das chinesischste Restaurant, das ich je in MÃ¼nchen besucht habe. Die Gerichte sind auch sehr exquisit, probieren Sie das nÃ¤chste Mal den Morgentee :

",0,5.0,0: restaurants|chinesische|restaurant
12.740357,1.8865737," Die Gerichte sind alle kÃ¶stlich und sehr delikat. Heute ist das Laternenfest. Der Chef hat sogar das Laternenfest nachdenklich gemacht! Sehr zu empfehlen ğŸ˜Š

",1,5.0,1: geschmack|food|gegessen
12.187072,2.0337808," Tolle AtmosphÃ¤re, Essen und Gesamterlebnis! 7â‚¬ fÃ¼r eine Flasche Wasser finde ich allerdings etwas zu viel.

",1,5.0,1: geschmack|food|gegessen
12.473187,2.2102733," Ich mochte das Essen hier wirklich, obwohl ein paar Gerichte meiner Meinung nach sehr Ã¼berteuert waren. Ich wÃ¼rde aber wiederkommen ... Besonders fÃ¼r die Dim Sum.

",0,4.0,0: restaurants|chinesische|restaurant
7.2349005,2.46544," Geh wieder! Es schmeckt gut!

",2,4.0,2: schmecken|schmeckt|geschmack
14.733869,1.5495709," Der Geschmack ist nicht authentisch, der Preis ist teuer und die Menge ist gering.Nach dem Essen von Haicheng, Rongji und der RÃ¼ckkehr ins Dorf Mu werden alle kantonesischen Stile von den Niederlanden Ã¼berschattet.

",0,1.0,0: restaurants|chinesische|restaurant
10.15734,2.9121425," Sehr lecker Service ist sehr gut

",1,5.0,1: geschmack|food|gegessen
15.443218,1.5604973," MÃ¼nchen hat endlich ein anstÃ¤ndiges chinesisches Restaurant! Das einzige moderne Restaurant, das den einheimischen First-Tier-StÃ¤dten Ã¤hnelt, keines davon. Es gibt viele Dinge auf dem Mittherbstfest, und das Salz- und Pfeffer-Entenregal hat den besten Preis und Geschmack! Die Pfanne gebraten ist sehr gut und authentisch! Private Entenbraten empfiehlt, die Sauce etwas feuchter und etwas trockener zu machen.Die GarnelenrÃ¶llchen sind nicht in die GarnelenrÃ¶llchen eingewickelt und die Schachtel mit gebratenen Auberginen kann etwas salziger sein! Insgesamt gut!

",0,5.0,0: restaurants|chinesische|restaurant
14.916397,-0.9413432," Lecker, das erste chinesische High-End-Essen in MÃ¼nchen, nicht schlecht

",0,5.0,0: restaurants|chinesische|restaurant
15.673497,4.0404162," -1 Stern fÃ¼r die schreckliche Organisation: Wir haben minutenlang gewartet, bis jemand kam und fragte, ob wir reserviert hÃ¤tten. Dann sagte sie uns, wir sollten einfach reingehen. Niemand kam zu uns, also mussten wir herumlaufen, bis uns endlich jemand bemerkte. Zuerst dachte ich, es sei Personalmangel. Aber dann stellte ich fest, dass nur 1/3 der Tische mit viel Personal besetzt waren.

-1 Stern fÃ¼r das Ã¼berteuerte Essen. Wir hatten ein MenÃ¼ fÃ¼r zwei Personen, das 55 â‚¬ fÃ¼r sechs Gerichte kostete. Die QualitÃ¤t der Speisen war so lala. Eines der Gerichte war hervorragend das HÃ¤hnchenschenkel, zwei davon langweilig Bohnen und das vegetarische gebratene BrÃ¶tchen, das schrecklich war und drei anstÃ¤ndige Gerichte Shaomai war zu groÃŸ, der GarnelenknÃ¶del war durchschnittlich, das Entensandwich war ziemlich gut? , aber Ã¼berteuert. Regel 1 fÃ¼r Restaurants: Lassen Sie Ihre PeripheriegerÃ¤te nie Ã¼ber Ihrem Essen liegen. Sie zahlen hier hauptsÃ¤chlich fÃ¼r die Einrichtung und die ausgefallene Ausstattung, nicht fÃ¼r das Essen. Ja, eine gute AtmosphÃ¤re ist wichtig, aber nur, wenn das Essen dazu passt, was zum nervigsten Problem fÃ¼hrt:

-1 Stern fÃ¼r das schreckliche Tempo des Essens. Das Geschirr kam viel zu schnell. Ein neuer Kurs kam, da wir kaum die HÃ¤lfte des Vorherigen hinter uns hatten. Wir fÃ¼hlten uns gehetzt, da die Speisen auch warm und nicht kalt gegessen werden sollten. Wenn das Restaurant nicht weiÃŸ, wie man mehrgÃ¤ngige Speisen macht, sollte es sich davon fernhalten. Dies ist auch nicht annÃ¤hernd ein traditioneller Yum-Cha-Platz, da im Yum-Cha der Diner die volle Kontrolle Ã¼ber das Tempo hat. Das wÃ¼rde in Frankreich nie passieren.

Positiv: Die GetrÃ¤nke waren sehr gut, der Tee war in Ordnung und der Mango-Mocktail war ziemlich gut.

Unser Kellner war sehr gut.

",0,2.0,0: restaurants|chinesische|restaurant
8.887698,2.217925," Empfehlen Sie Speichel-HÃ¤hnchenkeulen und Grapefruit-Spinat

",1,5.0,1: geschmack|food|gegessen
15.93256,3.4580042," FÃ¼r die nicht deutschsprachigen Touristen - Geduld haben, das Essen lohnt sich. Eine Dame, die kein Englisch zu sprechen schien, zeigte nur auf einen QR-Code im Tisch, gab uns ein paar Speisekarten und verschwand. Es stellte sich heraus, dass es nicht fÃ¼r die Luca-App war und die Speisekarten auf Deutsch waren und fÃ¼r uns vÃ¶llig unbrauchbar waren. Der QR-Code war fÃ¼r eine Seite, auf der Sie das MenÃ¼ sehen kÃ¶nnen. Es hat eine englische Version, aber nur wenige Dinge sind Ã¼bersetzt. Auch die MenÃ¼kategorien schienen sehr schlecht organisiert und es war schwer, etwas zu finden. Stellen Sie auÃŸerdem sicher, dass Sie bestellen und die Artikel nicht nur zu Ihrer Liste hinzufÃ¼gen. Als Erstbesucher dieser Methode ohne ErklÃ¤rung und ohne Ãœbersetzungen war es etwas nervig. Wir suchten nach Peking-Ente und Google schlug diesen Ort vor, aber die Ente ist eigentlich Kanton. Trotzdem sehr lecker. SchÃ¶ne KnÃ¶del. Gute Desserts.

",0,4.0,0: restaurants|chinesische|restaurant
15.30969,0.31045148," Mein persÃ¶nliches Empfinden: Das gedÃ¤mpfte Licht passt zu Kellnerkittel und Overall, schon etwas komisch, fÃ¼r ein deutsches chinesisches Restaurant gilt das Essen als durchschnittlich, aber der Preis ist hoch.

",0,4.0,0: restaurants|chinesische|restaurant
15.160094,1.8525541," Ein sehr schÃ¶nes Ambiente im Freien oder drinnen mit kÃ¶stlichen chinesischen Kanton-Gerichten. Ihre Canton Roasted Duck ist ein Muss, da sie mit saftigem, wÃ¼rzigem Entenfleisch perfekt gebraten wird! Ganz zu schweigen davon, dass die Dampfreisrolle mit Garnelen auch unglaublich gut ist, da die Nudeltextur weich, glatt und dennoch zÃ¤h ist, obwohl sie fÃ¼r MeeresfrÃ¼chteliebhaber geeignet ist. Ich wÃ¼nschte, es wÃ¤ren Morr Shrimps drin. Ein guter Ort, um in MÃ¼nchen gute chinesische KÃ¼che zu genieÃŸen!

",0,5.0,0: restaurants|chinesische|restaurant
15.348389,-0.24403873," Dieses Restaurant ist das beste chinesische Essen, das ich in MÃ¼nchen gegessen habe, jedes Gericht ist kÃ¶stlich! GefÃ¤llt mir

",0,5.0,0: restaurants|chinesische|restaurant
8.833537,2.343208," Der Entenbraten schmeckt sehr gut, sehr zu empfehlen!

",1,5.0,1: geschmack|food|gegessen
14.961239,1.3451587," Authentische und moderne chinesische KÃ¼che.
Die Umgebung ist gut, der Geschmack ist gut, aber die Auswahl an Dim Sum kann reichhaltiger sein, es gibt nicht viele auf der Speisekarte und es gibt zu wenig Gurken mit Entenbraten

",0,4.0,0: restaurants|chinesische|restaurant
12.15652,1.3104533," Die Gerichte sind sehr lecker und einige kreative Gerichte sind auch sehr gut.

",1,5.0,1: geschmack|food|gegessen
10.6638775,1.0673271," gut zu essen! Die Umgebung ist auch gut!

",1,5.0,1: geschmack|food|gegessen
15.154692,2.115775," Kam zum Morgentee, aber es gibt im Grunde genommen keine Sache mit dem Morgentee. Zwei Leute bestellten Shanghai Xiaowantun Beef Intestine Noodles with Shaomai und Cowboy Bone Fried Buns Shredded Cabbage: Der Kohl ist kÃ¶stlich und der Shaomai ist gut obwohl es nicht kantonesisch ist. Sollten die frittierten BrÃ¶tchen nicht vor Saft platzen? Das Fleisch, das wir bestellten, war trocken, aber der kleine Wonton war nichts. Wir saÃŸen drauÃŸen im Restaurant und spielten Musik neben der Bento-Box, aber es wurde Hip-Hop gespielt. Ich weiÃŸ wirklich nicht, wie ich die Musik hÃ¶ren soll. Das Restaurant ist ziemlich gut in MÃ¼nchen, aber ein bisschen enttÃ¤uscht angesichts des Preises

",0,3.0,0: restaurants|chinesische|restaurant
14.979677,-0.44902512," Bestes chinesisches Restaurant in MÃ¼nchen! SchÃ¶n dekoriertes Essen

",0,5.0,0: restaurants|chinesische|restaurant
14.585132,0.7690281," Dieses Restaurant hat eine sehr gute Umgebung, sehr sauber und ordentlich.Das Essen ist nicht nur schÃ¶n im Aussehen, sondern wichtig ist, dass der Geschmack sehr gut ist, die Farbe und der Geschmack ausgezeichnet sind. Der Preis ist moderat und ziemlich exquisit.

",0,5.0,0: restaurants|chinesische|restaurant
11.38207,2.3643103," Die Umgebung ist sehr gut, die Gerichte sind sehr delikat und der Service ist aufmerksam.

",1,5.0,1: geschmack|food|gegessen
14.451463,1.7644829," Das Essensumfeld ist groÃŸartig
Garnelen-Reisrollen schmecken gut
Lammkoteletts
Sehr empfehlenswerter Salz-Pfeffer-Tofu Shanghai in der Pfanne gebraten
Hang Jiao Beef Tenderloin ist sehr groÃŸzÃ¼gig
Auch die KlebreisbÃ¤llchen sind sehr markant und lecker
Alle Gerichte sind einen Versuch wert

",0,5.0,0: restaurants|chinesische|restaurant
12.51818,1.6791533," Der GemÃ¼sesalat ist sehr erfrischend und lecker, der Siu Mai ist auch lecker und der Besitzer ist auch sehr nett!

",1,5.0,1: geschmack|food|gegessen
15.057975,2.4982376," Die Dumplings waren 50-50, einige waren ziemlich gut wie der mit Fleisch und Scrampi gefÃ¼llte, aber einige auch sehr schlecht. Ich probierte einen gebackenen Teig gefÃ¼llt mit etwas Suppe, den ich definitiv niemandem empfehlen wÃ¼rde, der Teig war zÃ¤h statt knusprig, hatte keinen Geschmack und die Suppe auch nicht.

Die Hauptgerichte waren auch gut, was mich enttÃ¤uschte, dass sie ohne Reis serviert wurden. Und niemand hat uns bei der Bestellung gefragt, ob wir welche brauchen. Ich meine, hallo, natÃ¼rlich essen die Leute sie nicht ohne Beilagen, oder :

Zusammenfassend hÃ¤tte ich 3-3,5/5 gegeben, aber wenn wir den Preis dazu addieren, â€¦ wird es nicht mehr als 2/5 bekommen, sorry

",0,2.0,0: restaurants|chinesische|restaurant
10.480438,1.1940807," Gute Umgebung und guter Geschmack

",1,5.0,1: geschmack|food|gegessen
14.56247,3.2309115," Die beste Ente in ganz MÃ¼nchen !! Wir hatten die EntenbrÃ¶tchen zum Mittagessen und waren so begeistert, dass wir zum Abendessen mehr bekommen mussten!
Sehr zu empfehlen ist die Ente eine ganze Ente wird in Folie eingewickelt mit Pfannkuchen. Die KnÃ¶del sind auch super, werden hier wieder essen.

",0,5.0,0: restaurants|chinesische|restaurant
10.221596,2.8808239," Es schmeckt groÃŸartig! Die Service-Einstellung ist auch sehr gut!

",1,5.0,1: geschmack|food|gegessen
11.588599,3.380452," Das Essen war groÃŸartig, aber der Service war sehr langsam und machte viele Fehler.

",1,4.0,1: geschmack|food|gegessen
15.1704035,3.005901," Bestellen Sie Tee fÃ¼r zwei Personen fÃ¼r 12â‚¬ und geben Sie fast 250cl Wasser und kÃ¶nnen ihn immer noch nicht nachfÃ¼llen. . Ich kann nicht genug vom Reis bekommen, wenn ich ihn verliere. Ich kann den Reis nicht nachfÃ¼llen. Ich mÃ¶chte etwas anderes. Ich mÃ¶chte sagen, dass Reis nicht das unwichtigste ist. Der Geschmack zu diesem Preis kann nur als zu schlecht bezeichnet werden...

",0,1.0,0: restaurants|chinesische|restaurant
14.570397,1.4213146," Das Shaomai ist besonders lecker
Der Lobbymanager Leo ist sehr hÃ¼bsch und nett
Der Kellner ist sehr besorgt um das kulinarische Erlebnis der GÃ¤ste und fragt, ob die Gerichte lecker sind
Coming to Munich Ein sehr empfehlenswerter Shop

",0,5.0,0: restaurants|chinesische|restaurant
14.172661,1.2445021," Mann bezahlt nur fÃ¼r die Ausstattung.

Mit kantonesischer KÃ¼che kann man sagen, 4 gebratenes 10 Euro Hackfleisch mit Fischgeruch wird auch getrunken! Wahrscheinlich weil es in der BarstraÃŸe liegt, gehÃ¶rt es zum Barpreis, haha!

",0,2.0,0: restaurants|chinesische|restaurant
10.543165,1.5299182," Ausgefallene Dekoration, gutes Ambiente, sehr gutes Essen!

",1,5.0,1: geschmack|food|gegessen
11.73813,2.5601623," Die Umgebung ist sehr gut, der Service zuvorkommend und zuvorkommend, er eignet sich sehr gut, um Leute zum Essen einzuladen und sich Ã¼ber Dinge zu unterhalten, vor allem Deutsche.

",1,5.0,1: geschmack|food|gegessen
7.3477955,2.9656093," Gebratene Ente geliebte Liebe

",2,5.0,2: schmecken|schmeckt|geschmack
15.188718,0.17422375," Leckere, frische und authentische chinesische KÃ¼che. Ich kann es kaum erwarten, bald ein Abendessen im Restaurant zu genieÃŸen. Die Lieferung war schnell und freundlich. Sehr empfehlenswert

",0,5.0,0: restaurants|chinesische|restaurant
14.89675,-0.46756813," Das exquisiteste chinesische Restaurant in MÃ¼nchenğŸ¥°
gut zu essen

",0,5.0,0: restaurants|chinesische|restaurant
12.963974,1.754801," Die ReisbrÃ¶tchen sind lecker, und der Entenbraten ist auch gut.Der Preis ist natÃ¼rlich nicht niedrig, aber die Umgebung + gutes Essen reicht!

",1,4.0,1: geschmack|food|gegessen
15.9634495,0.9736385," Dies ist der erste Verhandlungstag von YÄ. Ich bin so froh, ein so tolles Restaurant zu erleben. Sie haben ausgefallene traditionelle chinesische Stildekoration. Ich denke auch, dass dies das erste Restaurant ist, das im MÃ¼nchner Zentrum rein verschiedene kantonesische Gerichte anbietet. Der Service ist nicht so perfekt, wie ich es mir vorstelle, aber am ersten Tag angemessen. Essen kann meiner Meinung nach in Zukunft besser sein. Ich gab 5-Sterne fÃ¼r ihre selbstgemachte Dim Sum, vor allem ihren Brei und ihre harte Arbeit. Es bleibt noch viel zu tun.

",0,5.0,0: restaurants|chinesische|restaurant
10.503018,1.7144533," Leckeres Essen in gemÃ¼tlicher AtmosphÃ¤re, werde auf jeden Fall wiederkommen.

",1,4.0,1: geschmack|food|gegessen
14.921275,1.0879849," Sehr gute Erfahrung, gehobenes Restaurant, das Essen ist exquisit und raffiniert und der Service sehr freundlich. Manchmal etwas langsam, aber das ist ok angesichts der angenehmen Umgebung. Ich empfehle die Kanton Ente. Rechnen Sie mit 40 - 50 Euro pro Person.

",0,5.0,0: restaurants|chinesische|restaurant
14.622709,-0.78642946," Elegant und lecker!Authentische chinesische KÃ¼che!KÃ¶stlicher Geschmack und gemÃ¼tliche AtmosphÃ¤re

",0,5.0,0: restaurants|chinesische|restaurant
11.999602,1.913173," Es ist lecker, der Geschmack ist sehr gut, ich hoffe die Menge an Gerichten kann mehr sein

",1,5.0,1: geschmack|food|gegessen
10.262527,0.9200222,ImÃ¡dtam. TÃ¶kÃ©letes kÃ¶rnyezet. TÃ¶kÃ©letes Ã­zek..,1,5.0,1: geschmack|food|gegessen
11.806374,1.394003," Die Dekoration ist aufmerksam und die AtmosphÃ¤re ist sehr gut. Der Geschmack ist auch gut, vor allem der Entenstand, der wirklich duftend ist!

",1,5.0,1: geschmack|food|gegessen
12.677842,1.5228028," Die AtmosphÃ¤re ist groÃŸartig, die Gerichte sind exquisit und der Geschmack ist authentisch.Empfehlen Sie Dry Fried Beef und Tempeh Short Ribs!

",1,5.0,1: geschmack|food|gegessen
11.991696,2.075018," Es ist so lecker, ich bin fÃ¼r ein paar Tage nach MÃ¼nchen gekommen, um das beste Essen zu bekommen! Der Laden ist so schÃ¶nğŸ˜

",1,5.0,1: geschmack|food|gegessen
11.2137,2.4876463," Die AtmosphÃ¤re ist wunderschÃ¶n, die Gerichte sind lecker, der Service ist super gut und ich bin sehr zufrieden!

",1,5.0,1: geschmack|food|gegessen
10.502546,1.1828701," Gute Umgebung und leckeres Essen! Empfohlen!

",1,5.0,1: geschmack|food|gegessen
13.026958,1.79602," Die Umgebung ist sehr gut, das Design ist schÃ¶n und die Gerichte sind exquisit.Kung Pao Shrimp Balls und kleine Wontons sind kÃ¶stlich

",1,5.0,1: geschmack|food|gegessen
14.784277,-0.24033675," Sehr leckeres chinesisches Restaurant. Die Dekoration ist in gutem Geschmack.

",0,5.0,0: restaurants|chinesische|restaurant
7.6540413,3.151542," Es ist so lecker, es lohnt sich, es zu versuchen!

",2,5.0,2: schmecken|schmeckt|geschmack
11.588686,2.3855922," Die Umgebung ist sehr gut, das Essen wird mit einer AtmosphÃ¤re prÃ¤sentiert, der Service ist sehr fÃ¼rsorglich, nicht schlecht

",1,5.0,1: geschmack|food|gegessen
11.688631,1.2900956," Die AtmosphÃ¤re des Besuchs ist sehr gut und die Gerichte sind exquisit

",1,5.0,1: geschmack|food|gegessen
9.690299,1.8255523," Gutes Essen! Vor allem die Shao Mai waren groÃŸartig!

",1,5.0,1: geschmack|food|gegessen
7.2619505,2.8318872," Es schmeckt so gut!

",2,5.0,2: schmecken|schmeckt|geschmack
13.945646,1.3359845," 10.9 Vier StÃ¼ck rohe frittierte BrÃ¶tchen.
26 Sechs Scheiben Rindfleisch, manche sagen, es reicht.
MÃ¼nchen ist wirklich 100 Millionen pro Kopf

",0,4.0,0: restaurants|chinesische|restaurant
10.406542,2.57681," Sehr gutes Essen! Erstaunlicher Service! Werde auf jeden Fall wieder kommen!

",1,5.0,1: geschmack|food|gegessen
11.452729,2.414866," Die Umgebung ist gut und der Service ist gut. Die Gerichte sind von normalem Standard und der Preis ist klein und teuer

",1,4.0,1: geschmack|food|gegessen
12.701366,2.5808582," Wir bestellten eine ganze Ente und es ist unglaublich! Alle anderen Speisen sind auch super! Sehr empfehlenswert

",1,5.0,1: geschmack|food|gegessen
14.175521,-0.1408714," Ein unverzichtbares Restaurant mit kantonesischen KÃ¼chenelementen, wenn Sie nach MÃ¼nchen kommen!

Das Essen ist exquisit!

",0,5.0,0: restaurants|chinesische|restaurant
10.245513,2.7524948," Tolles Preis-Leistungs-VerhÃ¤ltnis, toller Geschmack, gutes Service-Umfeld

",1,5.0,1: geschmack|food|gegessen
15.0503645,-0.9053194," Hervorragender Ort, mit Delikatessen zubereitetes Essen, original chinesische Gerichte, empfehlenswert und wir werden es sicherlich wiederholen.

",0,5.0,0: restaurants|chinesische|restaurant
13.871733,0.23947376," Sehr schÃ¶nes Restaurant

",2,5.0,2: schmecken|schmeckt|geschmack
14.875911,-0.92153835," Gott segne chinesisches Essen. Zart weich und sanft, mit einem Hauch von verschiedenen GeschmÃ¤ckern

",0,5.0,0: restaurants|chinesische|restaurant
6.3027387,2.5345073," Mjam ;!

",2,4.0,2: schmecken|schmeckt|geschmack
14.957363,-0.26073644," Es ist toll, so ein chinesisches Restaurant in Deutschland zu haben! Die Service-Haltung ist auch sehr gut!

",0,5.0,0: restaurants|chinesische|restaurant
10.862109,1.6656349," Einer der besten Orte, um Peking-Ente in MÃ¼nchen zu probieren, wunderschÃ¶nes Interieur, das Personal ist freundlich

",1,4.0,1: geschmack|food|gegessen
10.960884,1.1278558," Die Umgebung ist toll, Siu Mai ist sehr zu empfehlen!

",1,5.0,1: geschmack|food|gegessen
11.532286,1.0060111," Es ist ein schÃ¶ner Ort, die Umgebung ist groÃŸartig und das Essen ist exquisit ğŸ˜ğŸ˜ ist groÃŸartig!

",1,5.0,1: geschmack|food|gegessen
14.049312,-0.3955487," Sehr schÃ¶ne kantonesische Gerichte! Wirklich einzigartig in MÃ¼nchen!

",1,5.0,1: geschmack|food|gegessen
11.760799,3.558332," 75 Minuten auf ein Gericht gewartet. 5 Mal den Kellner gefragt und sie bringen es immer noch. Schade um den Service.

",0,1.0,0: restaurants|chinesische|restaurant
14.556483,-0.6655443," Der Geschmack ist sehr chinesisch, der Service ist besonders gut und die Umgebung ist wunderschÃ¶n

",1,5.0,1: geschmack|food|gegessen
11.36954,1.1242765," Die Umgebung ist sehr gut und der Geschmack ist gut.

",1,5.0,1: geschmack|food|gegessen
10.265209,2.6514618," Tolles Essen, toller Service und 100% empfehlen die Ente hier!

",1,5.0,1: geschmack|food|gegessen
10.740515,1.5240903," leckeres und authentisches Essen, exquisite Dekoration und gemÃ¼tliche AtmosphÃ¤re

",1,5.0,1: geschmack|food|gegessen
14.868339,-0.63696617," Gutes Essen, Service nicht wie echtes Mandarinenvolk. Mehr deutsche Vibes...

",1,4.0,1: geschmack|food|gegessen
7.3976955,2.91427," Es ist lecker und lecker.

",2,5.0,2: schmecken|schmeckt|geschmack
12.4697695,1.7252088," Siu Mai und EntenbrÃ¶tchen sind kÃ¶stlicher, aber andere Dim Sums sind akzeptabel.

",1,4.0,1: geschmack|food|gegessen
6.8976393,2.1352782," Fantastische Arbeit, tolle Lage

",2,5.0,2: schmecken|schmeckt|geschmack
9.892655,2.8530076," leckerer Service sehr gut

",2,5.0,2: schmecken|schmeckt|geschmack
6.6274157,1.8084602,æ€§ä»·æ¯”ä¸é«˜,2,4.0,2: schmecken|schmeckt|geschmack
10.495414,1.247519," Guter Geschmack und schÃ¶ne Umgebung

",1,5.0,1: geschmack|food|gegessen
11.495393,2.4247007, Die Umgebung ist gut und der Service ist gut. Die Gerichte sind von normalem Standard und der Preis ist klein und teuer â€¦,1,4.0,1: geschmack|food|gegessen
14.229949,-0.24628453," Ein unverzichtbares Restaurant mit kantonesischen KÃ¼chenelementen, wenn Sie nach MÃ¼nchen kommen! â€¦",0,5.0,0: restaurants|chinesische|restaurant
9.817379,2.6091692," Tolles Essen, guter Service

",2,5.0,2: schmecken|schmeckt|geschmack
14.108554,1.1449461," Mann bezahlt nur fÃ¼r die Ausstattung.

Mit kantonesischer KÃ¼che kann man sagen, 4 gebratenes 10 Euro Hackfleisch mit â€¦",0,2.0,0: restaurants|chinesische|restaurant
10.615016,0.9981764," Sehr gutes Essen, sehr schÃ¶ne Umgebung.

",1,5.0,1: geschmack|food|gegessen
10.877438,1.2261671," Die Umgebung ist toll, empfehlenswert fÃ¼r Entenbraten, toll!

",1,5.0,1: geschmack|food|gegessen
10.574661,1.4673865," Elegantes Ambiente, guter Geschmack, leicht zu finden

",1,5.0,1: geschmack|food|gegessen
10.148065,2.782831," Die Gerichte sind in Ordnung und der Service ist gut.

",1,5.0,1: geschmack|food|gegessen
13.963364,1.2936077," 10.9 Vier StÃ¼ck rohe frittierte BrÃ¶tchen.
26 Sechs Scheiben Rindfleisch, manche sagen, es reicht.
MÃ¼nchen ist wirklich 100 Millionen pro Kopf â€¦",0,4.0,0: restaurants|chinesische|restaurant
8.783204,2.3256776," Besonders lecker sehr zu empfehlen

",2,5.0,2: schmecken|schmeckt|geschmack
8.746677,2.4042945," Besonders lecker sehr zu empfehlen

",2,5.0,2: schmecken|schmeckt|geschmack
6.259135,2.5000942," Toll!

",2,5.0,2: schmecken|schmeckt|geschmack
8.7055025,2.3042505," Der Entenbraten ist lecker! empfehlen!

",2,5.0,2: schmecken|schmeckt|geschmack
10.394931,1.1926843," Tolles Essen und schÃ¶ne AtmosphÃ¤re

",1,5.0,1: geschmack|food|gegessen
7.9464517,2.7187786," babyspinat super kreativ. lecker!

",2,5.0,2: schmecken|schmeckt|geschmack
7.349379,2.3036659," Sehr guter Geschmack

",2,5.0,2: schmecken|schmeckt|geschmack
7.819316,2.8049984," Fantastisch lecker und einen Versuch wert!

",2,5.0,2: schmecken|schmeckt|geschmack
7.3091416,2.9113135," Lecker ist lecker

",2,4.0,2: schmecken|schmeckt|geschmack
10.494662,1.0269206," Die Speisekarte und das Ambiente.

",1,5.0,1: geschmack|food|gegessen
10.093224,2.4702613," Der Service und das Essen waren ausgezeichnet

",1,5.0,1: geschmack|food|gegessen
8.004122,2.4636068," FÃ¼nf Sterne, sehr guter Geschmack

",2,5.0,2: schmecken|schmeckt|geschmack
7.5917087,2.4080532," Matcha-Eis ist lecker!

",2,5.0,2: schmecken|schmeckt|geschmack
9.919616,2.3455057," Bester Service und das beste Essen!

",1,5.0,1: geschmack|food|gegessen
7.762627,2.6628234," Exquisit und lecker!

",2,5.0,2: schmecken|schmeckt|geschmack
8.233538,2.8980074," Gebratene Ente ist sehr authentisch

",1,5.0,1: geschmack|food|gegessen
7.547769,3.072453," Ich empfehle es war lecker

",2,4.0,2: schmecken|schmeckt|geschmack
7.360839,2.6289527," Sehr lecker

",2,5.0,2: schmecken|schmeckt|geschmack
7.353628,2.3675282," Sehr guter Geschmack

",2,5.0,2: schmecken|schmeckt|geschmack
7.3063784,2.9323618," Es ist lecker

",2,5.0,2: schmecken|schmeckt|geschmack
6.3365893,1.9632952," Weniger aber gut.

",2,5.0,2: schmecken|schmeckt|geschmack
7.449188,2.6066363," Ernsthaft lecker ğŸ˜‹

",2,5.0,2: schmecken|schmeckt|geschmack
6.513258,2.7018068," Lecker!

",2,5.0,2: schmecken|schmeckt|geschmack
6.2344804,2.519839," In

",2,5.0,2: schmecken|schmeckt|geschmack
7.497733,2.6810348," Wirklich lieben

",2,5.0,2: schmecken|schmeckt|geschmack
7.120708,2.3193185," Schmeckt gut

",2,5.0,2: schmecken|schmeckt|geschmack
6.6777096,2.0248373," Gute Arbeit.

",2,5.0,2: schmecken|schmeckt|geschmack
6.135269,2.0544739," gut

",2,5.0,2: schmecken|schmeckt|geschmack
6.252491,2.0213203," GroÃŸartig ~

",2,5.0,2: schmecken|schmeckt|geschmack
7.489547,2.5979793," Sehr lecker

",2,5.0,2: schmecken|schmeckt|geschmack
6.624298,2.7331855," Tolles Essen

",2,5.0,2: schmecken|schmeckt|geschmack
6.5456038,2.7000697," Lecker!

",2,5.0,2: schmecken|schmeckt|geschmack
8.080997,2.565548," Positiv, schÃ¶n und lecker.

",2,5.0,2: schmecken|schmeckt|geschmack
6.897668,2.847123," Leckeres Fleisch

",2,5.0,2: schmecken|schmeckt|geschmack
6.183446,2.0608656," Perfektion

",2,5.0,2: schmecken|schmeckt|geschmack
7.4065475,1.8225842," Gutes Chinesisch

",2,5.0,2: schmecken|schmeckt|geschmack
6.738713,2.2931042," Feines Geschirr

",2,5.0,2: schmecken|schmeckt|geschmack
